"","Fold Change","log2(FC)"
"250.01367",3757600,21.841
"317.04808",2460500,21.231
"383.0443",2002000,20.933
"317.09611",1840100,20.811
"328.6631",1779700,20.763
"526.28265",1643200,20.648
"816.5715",1418100,20.436
"369.02882",637350,19.282
"615.49975",1.6125e-06,-19.242
"385.06779",464010,18.824
"837.54997207",452920,18.789
"817.57432",416910,18.669
"699.24286",2.886e-06,-18.403
"639.41076",339000,18.371
"611.28455",330030,18.332
"593.36861",318780,18.282
"232.5605",317450,18.276
"270.6179",305830,18.222
"364.1601",287000,18.131
"164.83525",3.6298e-06,-18.072
"344.23131",3.7588e-06,-18.021
"791.02288",3.8159e-06,-18
"144.06953",252650,17.947
"838.55322",234610,17.84
"272.04919",225170,17.781
"228.03797",4.4443e-06,-17.78
"226.02706",4.9334e-06,-17.629
"577.37435",201520,17.621
"593.32472",194500,17.569
"797.01452",5.5898e-06,-17.449
"538.32066",173000,17.4
"701.2399",5.9223e-06,-17.365
"511.26361",166140,17.342
"446.1519",162310,17.308
"479.26553",6.1825e-06,-17.303
"346.24646",6.2886e-06,-17.279
"465.28589",6.2883e-06,-17.279
"516.34558",156410,17.255
"314.05029",136840,17.062
"794.02356",7.3339e-06,-17.057
"468.32186",7.5072e-06,-17.023
"524.16582",132450,17.015
"285.11368",7.8336e-06,-16.962
"617.33199",8.0704e-06,-16.919
"612.2878",117800,16.846
"787.39743",114730,16.808
"370.03223",111580,16.768
"306.19082",8.999e-06,-16.762
"796.02061",9.107e-06,-16.745
"160.84124",9.1298e-06,-16.741
"700.24601",9.2315e-06,-16.725
"314.09723",107770,16.718
"609.48794",107050,16.708
"595.23399",9.5979e-06,-16.669
"699.22434",9.8792e-06,-16.627
"491.33352",101010,16.624
"277.12285827",100930,16.623
"775.44607",95461,16.543
"265.11289",1.0864e-05,-16.49
"631.32707",1.0895e-05,-16.486
"197.80747",1.1238e-05,-16.441
"818.5773113",87044,16.409
"286.11693",1.1762e-05,-16.376
"541.14559",85031,16.376
"303.19685",1.2316e-05,-16.309
"727.4024",79808,16.284
"241.12339",1.3477e-05,-16.179
"637.32455",1.3596e-05,-16.167
"544.37707",71724,16.13
"792.02637",1.4333e-05,-16.09
"195.81042",1.4648e-05,-16.059
"698.23047",1.4979e-05,-16.027
"330.10685",1.4989e-05,-16.026
"839.55657",65879,16.008
"467.31975",1.5301e-05,-15.996
"211.03971",1.5544e-05,-15.973
"162.83818",1.5572e-05,-15.971
"245.04869",63321,15.95
"355.06372",63309,15.95
"493.24517",1.6021e-05,-15.93
"405.17369",59786,15.868
"199.80453",1.7323e-05,-15.817
"245.56465",55783,15.768
"369.12578",54762,15.741
"702.24294",1.9234e-05,-15.666
"343.21868",2.0714e-05,-15.559
"483.28673",2.098e-05,-15.541
"195.81048",2.1001e-05,-15.539
"798.01777",2.1743e-05,-15.489
"479.30212",2.186e-05,-15.481
"839.0257",2.1869e-05,-15.481
"257.14779",45701,15.48
"776.44943",45004,15.458
"476.27833",42756,15.384
"799.01181",2.3737e-05,-15.363
"516.24506",2.3979e-05,-15.348
"833.51912",41469,15.34
"625.27954",39664,15.276
"579.19004",2.5498e-05,-15.259
"345.24415",2.5651e-05,-15.251
"365.14295",38448,15.231
"227.03485",2.6021e-05,-15.23
"611.3798",36997,15.175
"482.27247",2.7751e-05,-15.137
"658.34582",2.8053e-05,-15.122
"841.02342",2.8288e-05,-15.109
"609.47897",34681,15.082
"197.80749",2.8865e-05,-15.08
"422.13367",34421,15.071
"141.86707",2.9802e-05,-15.034
"638.36457",2.9858e-05,-15.032
"632.33027",3.0812e-05,-14.986
"391.14937",3.3233e-05,-14.877
"517.2576",3.3292e-05,-14.874
"266.11175",3.3716e-05,-14.856
"491.22956",3.3817e-05,-14.852
"785.58351",29543,14.851
"345.23449",3.4005e-05,-14.844
"141.86703",3.4063e-05,-14.841
"828.99683",3.4338e-05,-14.83
"275.1768",3.4961e-05,-14.804
"379.15467",28468,14.797
"569.24728",3.5131e-05,-14.797
"830.99424",3.5496e-05,-14.782
"638.32784",3.6677e-05,-14.735
"641.1355",3.6951e-05,-14.724
"369.02874",26575,14.698
"419.07319",3.8675e-05,-14.658
"359.2236",3.8775e-05,-14.654
"385.06034",25190,14.621
"697.22719",3.9764e-05,-14.618
"472.24592",4.0759e-05,-14.583
"301.25399",4.1365e-05,-14.561
"444.10637",4.2378e-05,-14.526
"301.14496",4.3346e-05,-14.494
"250.07218",23030,14.491
"813.54497",22991,14.489
"815.5684",22953,14.486
"680.27548",22924,14.485
"351.06412",4.3759e-05,-14.48
"297.22271",4.3899e-05,-14.475
"365.13881",22480,14.456
"647.26158",22035,14.428
"446.10326",4.5502e-05,-14.424
"834.52255",21971,14.423
"352.08895",4.5704e-05,-14.417
"517.02884",4.6139e-05,-14.404
"424.22752",21272,14.377
"263.6282",21153,14.369
"348.16838",20980,14.357
"345.24404",4.7793e-05,-14.353
"514.98611",5.0484e-05,-14.274
"636.31257",5.2043e-05,-14.23
"424.89396",5.3131e-05,-14.2
"598.35753",5.3377e-05,-14.193
"724.37248",5.4123e-05,-14.173
"455.31684",5.5774e-05,-14.13
"526.2479",17591,14.103
"162.83824",5.6827e-05,-14.103
"635.30929",5.7883e-05,-14.076
"784.58085",17144,14.065
"413.05614",5.9241e-05,-14.043
"232.56009",16738,14.031
"494.24831",5.9776e-05,-14.03
"492.23266",6.2198e-05,-13.973
"304.20023",6.402e-05,-13.931
"491.22925",6.7033e-05,-13.865
"405.09416",14795,13.853
"361.18581",7.1938e-05,-13.763
"333.17114",7.6347e-05,-13.677
"580.19316",7.8408e-05,-13.639
"695.23009",7.8498e-05,-13.637
"656.33085",8.1831e-05,-13.577
"508.31867",8.2708e-05,-13.562
"774.4457",8.3361e-05,-13.55
"477.28162",11772,13.523
"809.37594",8.5229e-05,-13.518
"537.18045",8.5948e-05,-13.506
"242.12677",8.6444e-05,-13.498
"375.0827",11065,13.434
"302.14849",9.1407e-05,-13.417
"533.27377",9.1707e-05,-13.413
"478.25337",9.2975e-05,-13.393
"597.3551",9.3872e-05,-13.379
"328.16196",10480,13.355
"651.29352",9.7892e-05,-13.318
"515.22671",0.00010583,-13.206
"461.25447",0.00010669,-13.194
"232.97519",0.00010942,-13.158
"227.03474",0.00011028,-13.147
"463.37979",0.00011349,-13.105
"330.14398",0.00012099,-13.013
"531.25796",0.00012179,-13.003
"386.13606",8049.4,12.975
"547.32951",0.00012614,-12.953
"543.25503",7876.1,12.943
"472.33581",7724.5,12.915
"590.30556",7707.8,12.912
"298.13795",0.00013061,-12.902
"488.31464",7372.1,12.848
"243.03006",0.00013974,-12.805
"383.28079",0.00013989,-12.803
"518.36116",6986.9,12.77
"626.35507",6984.7,12.77
"328.16252",6960.1,12.765
"610.33302",0.00014474,-12.754
"480.2691",0.00015584,-12.648
"793.02004",0.00016222,-12.59
"230.01261",5929.7,12.534
"375.21809",0.00017106,-12.513
"305.14303",0.00017452,-12.484
"354.10421",5602.3,12.452
"621.40016",5496.7,12.424
"387.22147",0.00018716,-12.383
"527.25098",5300.2,12.372
"639.13857",0.00018956,-12.365
"435.27503",0.00019622,-12.315
"194.04527",4983.7,12.283
"464.27391",0.00020986,-12.218
"382.09174",0.00021249,-12.2
"427.2338",4601.5,12.168
"252.57261",4600.3,12.168
"805.55996",4518.5,12.142
"786.58637",4225.3,12.045
"391.13745",4224.1,12.044
"595.35071",0.00024086,-12.02
"322.18587",0.00024658,-11.986
"414.16706",3876.6,11.921
"675.42979",3848.8,11.91
"806.56326",3846.5,11.909
"321.18228",0.00027236,-11.842
"287.61197",3640.7,11.83
"795.01728",0.00027744,-11.816
"495.35187",0.00028044,-11.8
"610.33297",0.00028833,-11.76
"633.32363",0.00030572,-11.675
"621.4001",3232.7,11.659
"585.34281",3231.2,11.658
"637.36112",0.00030981,-11.656
"319.09551",0.00031033,-11.654
"363.16954",0.0003149,-11.633
"420.15162",3106.7,11.601
"554.31557",3094.2,11.595
"364.19676",0.00033315,-11.552
"355.66891",2995.3,11.549
"608.47612",2985.1,11.544
"468.31181",0.00033957,-11.524
"496.35473",0.00034077,-11.519
"611.38163",0.00036976,-11.401
"150.05502",2644,11.368
"262.62035",2555.3,11.319
"152.02852",2540.4,11.311
"279.6143",2423.9,11.243
"522.2431",0.0004283,-11.189
"467.30201",0.00043355,-11.172
"813.55264",2289,11.16
"467.31324",0.00047039,-11.054
"287.01947",2108.1,11.042
"476.23767",0.00049806,-10.971
"311.17633",1927.5,10.913
"609.22695",1875,10.873
"618.33539",0.00054168,-10.85
"629.31106",0.00054822,-10.833
"279.17168",0.0005501,-10.828
"563.14051",1811,10.823
"385.16923",1735.3,10.761
"624.31835",1727.6,10.755
"232.05902",1674.9,10.71
"589.3037",1638.8,10.678
"653.37502",1612.8,10.655
"480.26709",0.00062257,-10.649
"542.24265",1602.9,10.646
"380.25262",0.00062512,-10.644
"783.57878937",1543.4,10.592
"232.05899",1526.7,10.576
"224.0613",1510,10.56
"577.37416",1495.1,10.546
"336.66126",1482.1,10.533
"260.01985",1440.5,10.492
"607.3847",1381.8,10.432
"262.1644366",0.00075333,-10.374
"195.04851",1306.7,10.352
"469.38948",0.00076853,-10.346
"528.3442",1295.6,10.339
"266.6066",1277.4,10.319
"609.32976",0.00079363,-10.299
"465.39514",0.00079797,-10.291
"555.22426",1242.4,10.279
"443.23784",1214.1,10.246
"453.3956",0.00082701,-10.24
"811.53704",1204.3,10.234
"224.56308",1190.2,10.217
"541.26538",1171,10.193
"799.56387",1165.3,10.187
"287.61203",1165.8,10.187
"299.05406",1160.3,10.18
"373.20278",0.00086263,-10.179
"268.63859",1132.2,10.145
"376.1043",0.00088433,-10.143
"314.1118",0.00089062,-10.133
"239.99699",1116.9,10.125
"433.28112",0.00092823,-10.073
"683.30398",0.00094006,-10.055
"327.05213",1054.7,10.043
"348.18532",0.00095812,-10.028
"579.38984",1038.4,10.02
"505.20847",0.00097224,-10.006
"555.4415",1012.3,9.9834
"440.21105",963.53,9.9122
"468.30534",0.00104,-9.9092
"477.25023",0.0010713,-9.8664
"612.50788",923.88,9.8516
"807.56613",906.15,9.8236
"563.21727",0.001108,-9.8179
"565.30423",878.68,9.7792
"288.61985",875.39,9.7738
"208.00702",868.33,9.7621
"180.02934",859.56,9.7475
"812.5403",854.59,9.7391
"418.2635",853.81,9.7378
"465.28639",0.0011726,-9.736
"544.25851",848.13,9.7281
"456.20614",826.6,9.691
"367.18792",0.0012367,-9.6593
"254.62273",806.3,9.6552
"521.32337",791.16,9.6278
"518.24097",0.0012668,-9.6246
"321.18234",0.0012726,-9.618
"411.26152",768.32,9.5856
"470.23014",0.0013242,-9.5607
"357.17478",0.0013327,-9.5514
"361.23891",0.0013368,-9.547
"455.37474",0.0013426,-9.5408
"428.18265",743.34,9.5379
"307.0752",723.06,9.498
"444.26022",715.3,9.4824
"555.31836",710.35,9.4724
"726.39994",707.91,9.4674
"514.28429",705.74,9.463
"363.19319",0.0014361,-9.4436
"385.13315",675.03,9.3988
"611.36309",671.41,9.3911
"351.08561",0.0014969,-9.3838
"609.32972",0.0015105,-9.3708
"590.30603",658.9,9.3639
"798.56067",656.46,9.3586
"625.32172",654.61,9.3545
"515.28719",651.24,9.347
"375.21829",0.0015694,-9.3156
"329.10364",0.0015954,-9.2919
"466.28952",0.0016415,-9.2508
"365.20862",0.0016595,-9.235
"475.26742",586.04,9.1949
"408.28317",583.46,9.1885
"482.33915",0.0017145,-9.188
"447.20602",580.9,9.1821
"612.34858",0.0017329,-9.1726
"107.03633",573.52,9.1637
"343.22815",0.0017449,-9.1627
"701.3869",563.26,9.1377
"725.38666",562.01,9.1345
"427.23167",0.0018227,-9.0997
"475.23431",0.0018336,-9.0911
"360.19355",0.0018541,-9.075
"136.04728",534.67,9.0625
"263.09056",0.0018885,-9.0485
"516.28993",510.8,8.9966
"360.10949",0.0019965,-8.9683
"288.19024",0.0020395,-8.9376
"484.25565",483.11,8.9162
"557.45726",474.72,8.8909
"108.03226",470.63,8.8785
"506.34801",468.55,8.8721
"135.04394",465.49,8.8626
"474.26247",460.44,8.8469
"540.36668",456.91,8.8358
"352.08644",454.74,8.8289
"551.04852",0.0022458,-8.7986
"373.57345",442.38,8.7892
"539.13902",440.44,8.7828
"525.30515",439.24,8.7789
"415.14055",437.78,8.7741
"567.31714",427.66,8.7403
"410.28848",425.75,8.7339
"355.16758",419.65,8.7131
"596.35283",0.0023934,-8.7067
"251.09273",0.0024019,-8.7016
"556.3313",413.58,8.692
"464.30205",413.29,8.691
"507.31524",0.0024556,-8.6697
"471.23358",0.0024676,-8.6627
"353.10088",398.06,8.6368
"381.17222",0.0025146,-8.6355
"399.2291",396.62,8.6316
"244.14124",0.0025328,-8.625
"454.28913210",388.32,8.6011
"136.02902",383.61,8.5835
"265.10593",0.0026415,-8.5644
"411.14842",377.37,8.5598
"481.26947",0.002673,-8.5473
"767.36841",373.37,8.5445
"313.10874",0.0026886,-8.539
"435.20049",0.0027184,-8.523
"373.07185",367.84,8.5229
"685.51763",367.39,8.5212
"222.04903",366.82,8.5189
"279.61423",362.6,8.5022
"379.10927",360.84,8.4952
"635.30906",0.0027843,-8.4885
"371.12268",358.64,8.4864
"305.07052",357.3,8.481
"470.39295",0.0028089,-8.4758
"613.30003",355.23,8.4726
"737.3967",352.86,8.4629
"465.3048",351.69,8.4582
"466.30812",345.73,8.4335
"472.24551",344.55,8.4286
"499.29306",343.46,8.424
"596.34255",0.0029292,-8.4153
"725.39689",339.59,8.4076
"476.27804",338.28,8.4021
"336.15969",334.48,8.3858
"589.30294",333.67,8.3823
"351.19304",0.0029969,-8.3823
"727.41228",328.51,8.3598
"386.17265",327.9,8.3571
"498.29013",327.19,8.354
"490.33027",325.96,8.3485
"167.02021",322.06,8.3312
"582.27218",321.41,8.3283
"377.23376",0.0031126,-8.3277
"291.17157",0.0031813,-8.2962
"487.237",312.81,8.2891
"612.3488",0.0032004,-8.2876
"160.84126",0.003201,-8.2873
"443.25682",301.71,8.237
"456.29792",0.0033298,-8.2304
"471.33283",298.14,8.2198
"456.25053",294.32,8.2013
"302.07581",294.29,8.2011
"610.35935",290.02,8.18
"557.33385",285.53,8.1575
"592.3616",277.34,8.1155
"286.85408",0.0036081,-8.1146
"541.23957",274.07,8.0984
"195.81044",0.0036813,-8.0856
"566.27656",270.53,8.0797
"306.07375",270.51,8.0796
"259.18176",0.00371,-8.0744
"375.26772",0.0037537,-8.0575
"797.55808",262.99,8.0388
"400.15131",262.27,8.0349
"555.29943",257.69,8.0095
"380.18334",0.0039918,-7.9687
"232.0589",248.93,7.9596
"700.38416",247.03,7.9485
"465.28615",0.0040569,-7.9454
"433.18507",0.0040933,-7.9325
"390.26859",243.51,7.9278
"265.10847",0.0041509,-7.9123
"292.17524",0.0041534,-7.9115
"242.11151",0.0041577,-7.91
"361.2571",0.0041742,-7.9043
"554.38226",234.67,7.8745
"280.11554",229.3,7.8411
"522.32558",227.39,7.829
"791.36906",227.19,7.8277
"89.02289",224.94,7.8134
"293.10365",0.0045526,-7.7791
"488.24031",217.78,7.7667
"274.14506",215.02,7.7483
"448.28354",213.68,7.7393
"627.35692",212.55,7.7317
"286.12784",209.81,7.7129
"448.30724",209.45,7.7104
"649.41381",207.34,7.6958
"449.31002",206.71,7.6915
"471.2424",205.96,7.6862
"342.09723",205.22,7.681
"476.27073",203.21,7.6668
"612.34767",200.95,7.6507
"595.34024",0.0050447,-7.631
"408.28334189",194.23,7.6017
"607.38472",193.18,7.5938
"275.0369",190.19,7.5713
"261.16106",0.0052957,-7.561
"817.57438",188.78,7.5606
"329.10338",0.005334,-7.5506
"427.1799",187.18,7.5483
"243.12395",0.0053478,-7.5468
"244.12691",0.0053663,-7.5419
"535.22286",184.57,7.5281
"661.53273",0.0054424,-7.5215
"594.33737",0.0055154,-7.5023
"708.52106",180.93,7.4993
"511.25602",180.67,7.4972
"347.15048",0.0055503,-7.4932
"553.37073",180.06,7.4924
"399.14835",179.27,7.486
"464.80573",0.0056038,-7.4794
"818.5773",177.82,7.4742
"578.38233",175.12,7.4522
"816.57141",174.96,7.4509
"469.20412",174.37,7.446
"351.19316",0.0057491,-7.4424
"815.569",171.97,7.426
"367.01352",171.78,7.4244
"199.80451",0.0058452,-7.4185
"660.34236",170.96,7.4176
"483.27835",170.45,7.4132
"435.14574",170.06,7.4099
"194.04852",169.95,7.409
"362.20121",0.0059203,-7.4001
"274.05509",168.9,7.4
"593.33498",0.0059462,-7.3938
"323.16169",0.0059508,-7.3927
"269.62843",166.57,7.38
"273.09844",166.32,7.3778
"697.44229",166.07,7.3757
"619.42124",165.72,7.3726
"588.46707",0.0060376,-7.3718
"148.03944",164.87,7.3651
"595.35058",0.0061341,-7.3489
"431.13841",162.38,7.3432
"478.29463",161.25,7.3332
"107.02445",160.67,7.328
"699.38109",160.29,7.3245
"510.25328",160.18,7.3236
"232.05893",159.88,7.3209
"620.41286",159.78,7.32
"367.21278",0.0062719,-7.3169
"665.21496",159.2,7.3147
"392.22927",159.04,7.3133
"298.11671",0.006312,-7.3077
"613.35127",158.31,7.3066
"255.12457",158.19,7.3055
"146.08111",157.93,7.3032
"287.1868",0.0063641,-7.2958
"540.2642",155.98,7.2852
"590.30598",153.78,7.2648
"194.08163214",0.0065073,-7.2637
"254.62293",152.69,7.2545
"112.03916",152.63,7.2539
"508.32769",149.68,7.2257
"615.31659",0.0066809,-7.2257
"681.34664",147.88,7.2082
"453.28587",147.8,7.2075
"628.35846",147.35,7.2031
"637.36128",0.0068095,-7.1982
"423.27548",146.63,7.1961
"377.23387",0.0068481,-7.1901
"505.33585",0.0069248,-7.174
"117.04305",143.82,7.1682
"696.23374",0.0069544,-7.1679
"515.24164",0.0070379,-7.1506
"241.10818",0.0070735,-7.1434
"821.55573",141.26,7.1423
"176.07067",140.67,7.1362
"453.17983",0.007123,-7.1333
"401.21675",140.3,7.1324
"257.0153",140.01,7.1294
"255.08762",139.62,7.1254
"363.14569",0.0071907,-7.1197
"677.3752",136.87,7.0967
"123.02703",134.71,7.0737
"611.34543",0.0076074,-7.0384
"503.26803",130.73,7.0305
"224.07992",129.49,7.0167
"259.18179",0.0077574,-7.0102
"322.24701",0.0078507,-6.993
"345.10147",127.17,6.9906
"143.11788",126.72,6.9854
"379.24916",0.0079506,-6.9747
"368.16177",125.21,6.9682
"531.39132",124.32,6.9579
"443.257",123.79,6.9518
"90.02622",122.57,6.9375
"378.10224",121.16,6.9208
"181.08626",0.0082598,-6.9197
"557.45693",120.58,6.9139
"400.22441",120.33,6.9108
"521.23997",0.0083399,-6.9058
"401.16407",119.8,6.9045
"359.19014",0.008382,-6.8985
"360.19346",0.0084304,-6.8902
"123.03129",117.79,6.8801
"452.27354",117.51,6.8766
"403.15818",117.44,6.8757
"557.45729",117.39,6.8752
"106.04106",117.22,6.8731
"431.18316",0.0085345,-6.8725
"440.25569",116.54,6.8647
"552.36736",115.88,6.8565
"551.30443",115.03,6.8458
"313.21004",0.0088579,-6.8188
"839.55667",112.65,6.8157
"474.25518",112.34,6.8117
"367.15901",111.68,6.8033
"837.54997",109.39,6.7734
"333.13299",0.0091667,-6.7694
"567.2801",108.84,6.766
"343.0615",108.21,6.7577
"374.27841",0.0092496,-6.7564
"335.09074",0.0092538,-6.7557
"333.27997",107.97,6.7544
"713.3526",107.2,6.7442
"325.18489",0.0093728,-6.7373
"331.11907",106.6,6.7361
"261.12437",106.45,6.734
"516.27203",0.0094836,-6.7203
"278.11887",104.9,6.7129
"723.38141",103.37,6.6917
"503.33855",0.0097546,-6.6797
"481.26304",102.23,6.6757
"724.38474",102.13,6.6742
"613.54149",0.0098144,-6.6709
"607.47257",101.6,6.6667
"838.55337",101.52,6.6656
"502.2504",0.0098823,-6.6609
"375.23072",101.13,6.6601
"581.24074",101.1,6.6596
"293.10081",100.44,6.6502
"242.1224",100.22,6.6471
"384.10272",98.291,6.619
"194.04849",98.091,6.616
"421.13061",97.604,6.6089
"416.19867",97.149,6.6021
"361.17958",97.03,6.6004
"153.01829",96.751,6.5962
"490.33118",96.144,6.5871
"331.24946",0.01059,-6.5612
"451.24011",94.336,6.5597
"701.53645",94.272,6.5588
"300.08132",93.999,6.5546
"488.27586",0.010647,-6.5535
"623.42992",93.818,6.5518
"678.44848",93.645,6.5491
"277.12285",93.616,6.5487
"356.16052",93.401,6.5454
"319.16686",0.010727,-6.5426
"517.23802",0.010731,-6.5421
"483.31511",0.010777,-6.5359
"441.26265",0.010787,-6.5345
"549.05181",0.010802,-6.5326
"357.28045",0.010912,-6.5179
"471.34701",0.010924,-6.5163
"610.49164",91.173,6.5105
"437.12496",90.924,6.5066
"503.16246",90.407,6.4984
"540.31659",89.774,6.4882
"231.11385",0.011148,-6.4871
"108.04417",89.605,6.4855
"441.35928",0.011212,-6.4788
"782.56601",89.082,6.4771
"362.20107",0.011287,-6.4692
"454.26635",0.011403,-6.4544
"439.30271",87.585,6.4526
"560.45564",86.742,6.4387
"261.06194",86.631,6.4368
"333.20753",0.011557,-6.4351
"477.25017",0.011665,-6.4216
"466.33066",85.699,6.4212
"554.32325",85.108,6.4112
"321.24382",0.011757,-6.4103
"477.28177",84.625,6.403
"544.26583",84.557,6.4018
"538.30292",84.54,6.4016
"386.29173",84.265,6.3969
"427.23379",84.085,6.3938
"323.16167",0.012018,-6.3787
"418.28129",82.851,6.3724
"413.1636",82.695,6.3697
"589.30356",82.656,6.369
"376.21678",0.012122,-6.3662
"516.29395",82.188,6.3609
"408.28305",82.057,6.3586
"467.3338",81.847,6.3549
"362.20112",0.012244,-6.3518
"365.19747",0.012418,-6.3314
"435.3122",0.012448,-6.328
"306.15454",0.012478,-6.3245
"165.0257",79.316,6.3095
"528.28151",79.031,6.3043
"238.07739",78.824,6.3006
"335.16163",0.012689,-6.3003
"473.25211",78.34,6.2917
"589.30274",77.8,6.2817
"285.12449",77.694,6.2797
"466.80366",0.012939,-6.2722
"262.16442",0.012955,-6.2703
"302.10373",0.013068,-6.2579
"483.2038",76.469,6.2568
"455.29403",0.013129,-6.2511
"393.24181",0.013163,-6.2473
"283.09414",75.289,6.2344
"413.20071",74.319,6.2157
"605.40556",74.079,6.211
"425.16399",73.764,6.2048
"455.37486",0.013575,-6.2029
"445.19042",73.27,6.1952
"698.24901",0.013738,-6.1857
"159.06528278",72.567,6.1812
"319.22807",0.013782,-6.1811
"202.10774296",72.559,6.1811
"297.11367",0.01379,-6.1802
"186.05518",72.431,6.1785
"697.24562",0.013852,-6.1738
"237.07686",0.013906,-6.1681
"411.08393",71.804,6.166
"803.54441",71.78,6.1655
"283.11421",71.542,6.1607
"165.06595",71.064,6.151
"272.12967",70.837,6.1464
"211.06066",70.686,6.1434
"391.28582",0.014241,-6.1338
"694.4898",69.831,6.1258
"229.14428158",0.014354,-6.1224
"465.2635",0.014383,-6.1195
"285.07739",0.0145,-6.1078
"555.44204",68.631,6.1008
"124.02274",68.537,6.0988
"167.02147",68.312,6.0941
"329.10339",0.014655,-6.0925
"291.17191",0.014711,-6.087
"445.15676",67.93,6.086
"435.31175",0.014721,-6.0859
"400.99783",0.014752,-6.083
"423.31205",0.014822,-6.0761
"436.31526",0.014829,-6.0755
"549.16847",67.107,6.0684
"383.06671",66.853,6.0629
"486.22473",0.014987,-6.0601
"117.92741",66.64,6.0583
"202.11606",0.01504,-6.0551
"630.45778",66.18,6.0483
"455.24761",66.164,6.048
"506.32504",66.125,6.0471
"540.33684",66.087,6.0463
"376.1041",65.712,6.0381
"589.17181",0.01523,-6.037
"620.45316",65.638,6.0365
"511.27328",65.544,6.0344
"412.08695",65.522,6.0339
"245.04901",65.411,6.0315
"308.17035",0.015315,-6.0289
"376.21673",0.015345,-6.0261
"542.31154",64.914,6.0205
"243.17151",0.015628,-5.9998
"591.39077",63.914,5.9981
"195.05168",63.349,5.9852
"321.13052",62.913,5.9753
"452.3093",62.854,5.9739
"118.02868",61.906,5.952
"557.45753",61.884,5.9515
"383.18996",61.834,5.9503
"209.09265",0.01619,-5.9488
"272.19524",0.016207,-5.9473
"505.32888",61.349,5.939
"263.10366",61.172,5.9348
"673.30908",0.016373,-5.9325
"510.31588",0.016392,-5.9309
"431.19036",60.999,5.9307
"370.14255",60.94,5.9293
"359.19018",0.016568,-5.9155
"407.28057",60.315,5.9144
"120.05231",60.119,5.9097
"388.25289",60.106,5.9094
"211.05101",59.993,5.9067
"781.56251",59.985,5.9065
"629.45525",59.79,5.9018
"504.27106",59.603,5.8973
"476.27086",59.59,5.897
"287.14004",59.488,5.8945
"313.05042",59.169,5.8868
"330.1068",0.016932,-5.8841
"331.24946337",0.016936,-5.8837
"261.16112",0.01695,-5.8826
"535.31028",0.01698,-5.88
"677.44507",58.425,5.8685
"651.42964",58.054,5.8593
"423.16203",57.855,5.8544
"527.35489",57.66,5.8495
"781.56266",57.618,5.8484
"476.27862",57.348,5.8417
"232.90204",0.017614,-5.8271
"345.13494",0.017648,-5.8243
"464.31534",56.599,5.8227
"539.32259",56.554,5.8215
"119.02228",56.252,5.8138
"188.04019",56.045,5.8085
"436.13128",55.883,5.8043
"477.22896",55.476,5.7938
"396.14467",54.937,5.7797
"446.19367246",54.891,5.7785
"503.26803544",54.737,5.7744
"417.33794",0.018351,-5.768
"466.23475",54.49,5.7679
"299.12933",0.018354,-5.7677
"442.25972",54.256,5.7617
"606.30198",0.018435,-5.7614
"543.29755",53.908,5.7524
"607.38559",53.87,5.7514
"560.47612",53.429,5.7395
"500.24056",53.193,5.7332
"359.19009",0.018873,-5.7275
"331.10016",0.018898,-5.7256
"568.32067",52.567,5.7161
"461.32021",52.127,5.704
"265.12762",0.019208,-5.7021
"284.09063",52.031,5.7013
"122.06803",51.814,5.6953
"438.12809",51.59,5.689
"117.92734317",51.537,5.6875
"192.02969",51.456,5.6853
"226.11597",51.396,5.6836
"154.0612",51.32,5.6815
"499.26644",0.019576,-5.6748
"447.31212",0.019638,-5.6702
"559.46325",50.599,5.661
"410.22709",0.02004,-5.6409
"618.4373",49.89,5.6407
"405.22474",49.649,5.6337
"321.17249",0.02017,-5.6316
"800.57672",49.493,5.6292
"463.29836",49.446,5.6278
"159.06531",49.294,5.6233
"505.33549",48.922,5.6124
"637.50231",48.853,5.6104
"454.28913",48.427,5.5977
"337.17752",0.0207,-5.5942
"507.29673",0.020706,-5.5938
"466.12383",48.166,5.5899
"353.10965",48.1,5.588
"315.12444",0.020851,-5.5837
"673.25624",47.908,5.5822
"541.3396",47.9,5.582
"376.21669",0.020884,-5.5815
"315.13004",0.020903,-5.5801
"438.29378",47.683,5.5754
"435.12764",47.599,5.5729
"526.35134",46.968,5.5536
"494.31235",46.92,5.5521
"323.16182",0.021401,-5.5461
"473.25182",46.655,5.544
"308.17021",0.021596,-5.5331
"440.29894",46.133,5.5277
"467.2115",46.026,5.5244
"300.19009",0.021773,-5.5213
"441.2589",45.44,5.5059
"358.10493",44.864,5.4875
"724.38512",44.811,5.4858
"442.24452",44.636,5.4801
"543.2551",44.557,5.4776
"725.39679",44.541,5.477
"727.37613",44.478,5.475
"281.13956",44.457,5.4744
"454.28942",44.346,5.4707
"241.07946",0.022801,-5.4547
"463.27128",0.022868,-5.4506
"109.03387",43.569,5.4452
"359.20266",0.023073,-5.4377
"558.46101",43.024,5.4271
"363.14585",43.011,5.4266
"309.17441",42.735,5.4174
"377.08635",42.563,5.4115
"799.56461",42.51,5.4097
"723.38147",42.506,5.4096
"222.07666",42.43,5.407
"506.34873",42.419,5.4067
"436.22434",42.207,5.3994
"470.2755",42.03,5.3933
"701.53658",41.695,5.3818
"338.17251",41.675,5.3811
"285.12472",41.635,5.3797
"359.22333",0.02406,-5.3772
"592.39415",41.391,5.3712
"439.29644923",41.373,5.3706
"259.16354",0.024288,-5.3636
"492.34636",41.075,5.3602
"332.15936",41.055,5.3595
"355.32205",0.024448,-5.3541
"369.17432",0.024773,-5.3351
"455.29159",40.343,5.3342
"337.17739",0.024808,-5.3331
"162.00223",0.02484,-5.3312
"465.32263",0.024889,-5.3284
"540.33033",40.167,5.3279
"574.45104",0.024972,-5.3235
"505.26091",39.75,5.3129
"376.21657",0.025221,-5.3092
"307.16689",0.02526,-5.307
"89.02297",39.556,5.3058
"445.29658",0.025351,-5.3018
"236.09246",39.421,5.3009
"414.20395",39.398,5.3001
"238.57894",39.228,5.2938
"271.19168",0.025575,-5.2891
"229.1555",0.025609,-5.2872
"243.1714",0.025711,-5.2815
"134.02367",38.871,5.2806
"799.57335",38.766,5.2767
"689.35222",38.756,5.2763
"557.45788",38.47,5.2657
"269.0825",0.026035,-5.2634
"445.19016",38.355,5.2614
"181.04977",38.32,5.26
"428.2284",38.038,5.2494
"243.12381",0.026309,-5.2483
"385.16968",0.026336,-5.2468
"664.54128",37.912,5.2446
"501.23555",0.026498,-5.238
"294.61982",37.698,5.2364
"613.30026",37.655,5.2348
"634.48949",37.591,5.2323
"213.03178",37.468,5.2276
"246.13475",37.442,5.2266
"355.15834",37.378,5.2241
"465.22266",37.377,5.2241
"387.25466",0.026789,-5.2222
"532.30208",36.954,5.2076
"99.00733",36.908,5.2059
"351.08224",0.027118,-5.2046
"537.2381",36.857,5.2039
"208.0493",36.839,5.2031
"73.02799",36.764,5.2002
"370.17759",36.605,5.194
"207.04879",36.249,5.1799
"405.26519",36.072,5.1728
"239.12863",35.957,5.1682
"330.10643",0.027885,-5.1644
"537.23774",35.806,5.1621
"249.06329",35.664,5.1564
"468.25076",0.028044,-5.1562
"608.38879",35.522,5.1506
"587.35888",35.52,5.1506
"319.16669",0.028302,-5.143
"242.08626",0.028377,-5.1391
"315.1244",0.028384,-5.1388
"554.14113",0.028517,-5.1321
"632.47384",35.028,5.1305
"393.29145",34.906,5.1254
"194.90491",34.845,5.1229
"515.26871",0.028711,-5.1223
"551.30434",34.651,5.1148
"262.12019",34.632,5.114
"174.99088",34.557,5.1109
"295.11875",34.489,5.1081
"324.16529",0.029061,-5.1048
"182.04793",34.192,5.0956
"479.26567",0.029409,-5.0876
"201.11278",0.029566,-5.0799
"208.06467",33.823,5.0799
"633.50959",33.598,5.0703
"605.29865",0.029803,-5.0684
"192.05886",33.428,5.063
"193.03139",33.22,5.054
"439.26225",0.030108,-5.0537
"457.26343",33.043,5.0463
"267.11413",32.95,5.0422
"319.16668",0.030352,-5.0421
"445.25366",32.93,5.0413
"170.08152",0.030432,-5.0383
"136.07572",0.030576,-5.0315
"532.28882",32.482,5.0216
"132.98023",32.371,5.0166
"475.1994",0.030932,-5.0148
"459.27322",32.279,5.0125
"179.0343",32.169,5.0076
"575.46789",32.029,5.0013
"422.33661",0.031293,-4.998
"499.23757",31.823,4.992
"417.30145",0.031551,-4.9862
"317.15082",31.617,4.9826
"389.09187",31.597,4.9817
"256.10371",31.57,4.9805
"483.21361",31.463,4.9756
"603.51837",31.441,4.9746
"180.04234",31.373,4.9714
"623.41584",31.308,4.9685
"332.12227",31.271,4.9667
"445.2401",31.044,4.9562
"320.16999",0.03236,-4.9497
"409.33287",0.032529,-4.9421
"553.42671",30.597,4.9353
"294.10701",0.032937,-4.9242
"453.23245",30.279,4.9203
"295.0679",30.151,4.9141
"371.18988",30.147,4.9139
"451.27031",30.134,4.9133
"166.05796",30.058,4.9097
"121.06475",30.054,4.9095
"452.38323",0.033341,-4.9066
"453.28575",29.943,4.9041
"225.11309",0.03344,-4.9023
"634.50206",29.862,4.9002
"370.17782",0.033512,-4.8992
"139.04454",29.839,4.8991
"585.39351",0.033723,-4.8901
"544.25911",29.616,4.8883
"175.05531",0.033964,-4.8798
"555.29364",29.377,4.8766
"500.27812",29.271,4.8714
"444.26028",29.162,4.866
"451.38002",0.034383,-4.8621
"283.10791",29.013,4.8586
"313.23886495",0.0346,-4.8531
"797.5581",28.856,4.8508
"798.56141",28.766,4.8463
"407.12178",0.034997,-4.8366
"479.27764",28.572,4.8365
"329.10361",0.035114,-4.8318
"204.08512",28.409,4.8283
"412.35181",0.035284,-4.8248
"250.10831",28.295,4.8225
"332.25297",0.035387,-4.8206
"472.24612",28.204,4.8178
"283.1033",28.175,4.8164
"410.289",28.163,4.8157
"117.92734",27.967,4.8057
"555.38552",27.923,4.8034
"101.05948",0.035823,-4.803
"475.26766",27.895,4.8019
"482.2844",0.035864,-4.8013
"446.25775",27.878,4.801
"494.98308",0.035901,-4.7998
"657.58309",0.036044,-4.7941
"329.10335",0.036136,-4.7904
"797.42799",27.555,4.7843
"218.07802",0.036362,-4.7814
"393.15594",0.036364,-4.7813
"243.12385",0.036371,-4.7811
"318.21548",0.036379,-4.7808
"636.51052",27.443,4.7783
"469.22714",27.384,4.7753
"387.22515",27.374,4.7748
"583.29175",27.315,4.7716
"324.16547",0.036698,-4.7682
"406.2679",27.215,4.7663
"389.2677",27.159,4.7634
"711.53927",27.099,4.7602
"443.25708",27.074,4.7588
"611.34282",27.03,4.7565
"369.17399",26.919,4.7506
"331.23538",26.915,4.7503
"437.29108",26.857,4.7472
"411.34857",0.037339,-4.7432
"469.38986",0.037349,-4.7428
"307.16681",0.03735,-4.7427
"317.21247",0.03736,-4.7424
"631.47019",26.739,4.7409
"269.17618",0.037402,-4.7407
"501.25275",26.687,4.7381
"414.25806",26.644,4.7357
"409.29584",26.6,4.7334
"335.25979",0.037626,-4.7321
"231.07717",26.577,4.7321
"492.98601",0.037798,-4.7256
"446.19367",26.427,4.7239
"203.08218",26.413,4.7232
"408.11801",26.373,4.721
"490.23077",26.331,4.7187
"207.06573",26.32,4.7181
"391.22594",26.221,4.7126
"263.14048",0.038162,-4.7117
"301.12512",0.038186,-4.7108
"305.15112",0.038315,-4.7059
"110.07108",26,4.7005
"427.17934",25.973,4.699
"437.08735",25.79,4.6888
"114.93274",25.715,4.6845
"487.27306",25.623,4.6794
"638.52462",25.551,4.6753
"486.20126",25.53,4.6741
"503.26829",25.488,4.6717
"385.16925",25.413,4.6675
"299.25948",0.039532,-4.6608
"307.25507",25.23,4.6571
"492.30931",25.228,4.657
"359.29606",25.133,4.6515
"129.09095",0.039815,-4.6506
"373.13291",25.099,4.6496
"250.0331",25.085,4.6487
"411.23905",25.048,4.6466
"165.05475",25.04,4.6462
"512.26868",25.025,4.6453
"337.23889",0.039981,-4.6445
"415.14328",24.894,4.6377
"334.11771",0.040206,-4.6364
"453.28577",24.87,4.6363
"515.41027",24.865,4.636
"488.27597",24.689,4.6258
"227.1285",24.639,4.6229
"454.28933",24.609,4.6211
"228.13206861",0.040638,-4.621
"655.47336",24.557,4.6181
"269.13138",24.548,4.6175
"662.52657",0.040792,-4.6156
"428.18281",24.511,4.6154
"395.18995",24.505,4.615
"459.27288",24.361,4.6065
"377.27296",24.238,4.5992
"355.32211",0.041303,-4.5976
"347.16495",24.127,4.5925
"166.08641",0.041485,-4.5913
"439.29644",24.069,4.5891
"118.02153",23.971,4.5832
"307.16676",0.041724,-4.583
"174.05525",0.041746,-4.5822
"281.24895885",0.0418,-4.5804
"373.26764",0.04182,-4.5797
"412.20156",23.893,4.5785
"525.33996",23.886,4.5781
"119.04902",23.818,4.574
"449.36419",0.042195,-4.5668
"755.56038",0.042464,-4.5576
"418.16252",23.53,4.5564
"347.19036",0.042507,-4.5562
"663.53805",23.516,4.5556
"443.30142",23.451,4.5516
"443.29979",23.444,4.5512
"453.28643",23.384,4.5474
"234.0462",23.238,4.5384
"156.96148",0.043062,-4.5374
"126.00081",23.203,4.5362
"521.2397",0.043192,-4.5331
"447.00281",0.043206,-4.5326
"277.25386",23.142,4.5325
"397.33253",0.043267,-4.5306
"261.16092",0.043406,-4.526
"187.03693",22.992,4.5231
"169.99087",22.908,4.5178
"550.35175",22.803,4.5111
"281.06715",22.728,4.5064
"398.33612",0.044015,-4.5059
"392.28848",22.719,4.5058
"301.14454",22.695,4.5043
"417.15913",22.643,4.501
"300.26279",0.044585,-4.4873
"371.17498",0.044846,-4.4789
"524.34144",22.221,4.4739
"233.04301",22.216,4.4735
"534.25077",22.191,4.4719
"593.33532",0.045153,-4.469
"493.33612",0.045318,-4.4638
"195.06578",21.939,4.4554
"512.30917",21.806,4.4467
"324.16524",0.045856,-4.4467
"627.58367",21.766,4.444
"409.23589",21.697,4.4394
"119.04908",21.651,4.4364
"476.3149",21.624,4.4345
"419.21745",21.593,4.4325
"100.92455",21.479,4.4248
"434.19775",21.444,4.4225
"491.32059",0.046715,-4.42
"369.33768",0.046753,-4.4188
"365.26753",21.172,4.4041
"391.21333",0.047275,-4.4028
"270.09889",0.04739,-4.3993
"635.50718",21.067,4.3969
"661.45036",20.994,4.3919
"512.99406",0.047654,-4.3913
"116.04939",20.967,4.39
"384.32068",0.047712,-4.3895
"274.105",20.946,4.3886
"435.3486",0.047859,-4.3851
"426.36738",0.048158,-4.3761
"524.33571",20.748,4.3749
"337.10629",0.048204,-4.3747
"141.01579",20.733,4.3739
"465.25731",20.728,4.3735
"607.42106",20.653,4.3683
"405.26506",20.395,4.3502
"447.16689",20.341,4.3463
"483.25646",20.328,4.3454
"429.23211",20.276,4.3417
"373.57378",20.262,4.3407
"171.02265",0.049437,-4.3383
"365.23147",0.049585,-4.3339
"361.14104",0.049749,-4.3292
"441.35895",0.049934,-4.3238
"199.05807",19.98,4.3205
"637.52171",19.959,4.319
"379.18012",0.050171,-4.317
"409.28616",19.858,4.3117
"545.1297",0.050511,-4.3073
"556.3318",19.751,4.3039
"340.91755",0.050664,-4.3029
"409.27276",19.657,4.297
"446.00993",0.051087,-4.2909
"389.1248",0.051094,-4.2907
"261.16115",0.051155,-4.289
"425.36433",0.051239,-4.2866
"465.31822",19.453,4.2819
"781.56342",19.431,4.2803
"295.22781",0.051468,-4.2802
"384.15689",19.418,4.2793
"677.45508",19.354,4.2746
"710.53743",0.051792,-4.2711
"464.21958",19.3,4.2705
"440.29939",19.257,4.2673
"592.3217",19.218,4.2644
"243.10286",0.052052,-4.2639
"219.06356",0.052167,-4.2607
"657.54641",19.131,4.2579
"339.20919",19.12,4.257
"243.05119",19.063,4.2527
"400.0047",0.052477,-4.2522
"497.27173",19.01,4.2487
"269.21264",0.052839,-4.2423
"561.32758",18.923,4.242
"509.25752",18.916,4.2415
"381.13816",18.877,4.2386
"181.01694",18.825,4.2346
"367.10404",18.772,4.2305
"147.04399",18.741,4.2282
"132.07193",18.672,4.2228
"555.44235",18.59,4.2165
"353.18706",0.053855,-4.2148
"408.28354",18.536,4.2122
"341.22343",18.483,4.2081
"381.10713",18.483,4.2081
"216.92342",0.054181,-4.2061
"782.56681",18.42,4.2032
"473.23684",18.381,4.2002
"385.19993",0.054464,-4.1986
"202.09068",18.346,4.1974
"407.28055",18.337,4.1967
"117.03351",18.293,4.1932
"161.08091",18.247,4.1896
"287.16874",0.054855,-4.1882
"606.30079",18.175,4.1839
"99.92434",18.117,4.1792
"500.31308",18.07,4.1755
"464.3148",18.064,4.175
"257.12967",18.036,4.1728
"297.13464",0.055471,-4.1721
"475.28826",18.008,4.1706
"710.53635",18.002,4.1701
"116.92732783",17.994,4.1694
"198.07673",0.055657,-4.1673
"370.28686",17.935,4.1647
"482.26652",17.919,4.1634
"362.23898",17.9,4.1619
"256.16356",17.863,4.1589
"194.90507",17.834,4.1565
"369.17427",17.821,4.1555
"323.18466",0.056152,-4.1545
"383.31728",0.056237,-4.1523
"316.12742",0.056547,-4.1444
"594.37752",17.677,4.1438
"180.06567",17.672,4.1434
"524.30047",17.641,4.1408
"225.11266",17.613,4.1386
"712.55311",0.057392,-4.123
"842.6245",0.057395,-4.1229
"172.09693",17.418,4.1225
"290.08877",17.41,4.1219
"386.14819",0.0575,-4.1203
"381.17388",17.334,4.1155
"399.00122",0.057782,-4.1132
"124.03922",17.284,4.1113
"520.36407",17.27,4.1102
"423.25224",0.058037,-4.1069
"441.23961",17.227,4.1066
"118.92559",17.213,4.1055
"403.3065",17.186,4.1032
"445.25467",17.174,4.1022
"418.11275",17.159,4.1009
"441.2236",17.152,4.1003
"444.01322",0.058691,-4.0907
"553.42621",17.033,4.0903
"331.25516",16.989,4.0866
"382.17605",16.951,4.0833
"350.08874",0.059117,-4.0803
"300.03928",16.894,4.0784
"258.05326",16.855,4.0751
"470.23041",0.059524,-4.0704
"410.86359",0.059655,-4.0672
"309.27051",16.762,4.0671
"543.25508",16.752,4.0663
"465.22641",16.732,4.0645
"407.28075",16.688,4.0607
"445.00676",0.059949,-4.0601
"811.63775",0.059961,-4.0598
"671.29343",16.658,4.0581
"504.27154",16.624,4.0552
"471.26916",16.612,4.0542
"452.27379",16.602,4.0533
"588.29095",16.601,4.0532
"637.51732",16.598,4.053
"114.0185",16.544,4.0483
"810.63474",0.060685,-4.0425
"474.28556",16.46,4.0409
"841.62111",0.060813,-4.0395
"491.3206",0.060893,-4.0376
"374.23935",16.421,4.0375
"426.36762",0.060912,-4.0371
"442.01666",0.060924,-4.0369
"475.26746",16.412,4.0367
"114.93275",16.381,4.034
"388.30736",16.37,4.033
"421.33305",0.061184,-4.0307
"297.13229",0.061225,-4.0297
"308.17033",0.061253,-4.0291
"467.24724",16.312,4.0279
"386.23736",0.061372,-4.0263
"396.01092",0.061535,-4.0224
"321.14619",0.061608,-4.0207
"494.2281",16.218,4.0195
"529.24265",16.209,4.0187
"476.27081",16.162,4.0145
"383.15371",16.149,4.0134
"369.28399",16.127,4.0114
"441.12582",16.06,4.0054
"486.22487",16.046,4.0041
"397.00462",0.062452,-4.0011
"443.01035",0.062554,-3.9988
"466.30766",15.945,3.995
"539.2872",15.938,3.9944
"495.27834",15.934,3.994
"628.5601",15.911,3.9919
"398.00777",0.063021,-3.988
"756.56366",0.06304,-3.9876
"397.16957",0.063112,-3.9859
"437.36399",0.06339,-3.9796
"627.55714",15.774,3.9794
"591.31882",15.751,3.9774
"394.19873",0.063677,-3.9731
"329.24884",15.696,3.9723
"366.2007",0.063737,-3.9717
"367.1882",0.06377,-3.971
"395.00756",0.06381,-3.9701
"314.24215",0.063821,-3.9698
"455.02891",0.06383,-3.9696
"359.09788",15.633,3.9666
"425.36438",0.064008,-3.9656
"537.23782",15.604,3.9638
"662.45374",15.578,3.9614
"441.01339",0.064536,-3.9537
"165.07412",15.489,3.9532
"256.13245",15.481,3.9524
"141.01571",15.453,3.9498
"809.63149",0.064845,-3.9469
"465.28368",15.406,3.9454
"515.41016",15.388,3.9438
"295.01395",15.376,3.9426
"418.29651",15.319,3.9373
"166.05",15.289,3.9344
"368.28067",15.282,3.9337
"261.02949",15.244,3.9302
"223.0141",15.203,3.9263
"288.08795",15.186,3.9247
"413.25493",15.181,3.9242
"438.3674",0.066044,-3.9204
"327.29096",0.066094,-3.9193
"515.30475",15.126,3.9189
"476.27869",15.12,3.9184
"445.19044540",14.991,3.906
"481.28131",0.066754,-3.905
"264.08802",14.977,3.9047
"570.34351",14.942,3.9013
"323.22312",0.06725,-3.8943
"658.55011",14.864,3.8938
"483.02364",0.067315,-3.8929
"153.09111",0.06733,-3.8926
"132.0442",14.774,3.885
"255.63075",14.702,3.8779
"492.28942",14.623,3.8701
"485.15199",14.616,3.8695
"553.33874",14.607,3.8686
"773.57085",0.068511,-3.8675
"460.27608",14.588,3.8667
"164.07077",14.572,3.8652
"522.30742",14.492,3.8572
"462.32714",14.478,3.8557
"407.2957",14.472,3.8552
"213.09164",0.069436,-3.8482
"597.30421",14.402,3.8482
"136.0757",0.069478,-3.8473
"373.11475",0.069512,-3.8466
"407.25748",0.069517,-3.8465
"353.11732",14.379,3.8459
"137.06939",14.345,3.8425
"249.00817",14.322,3.8401
"143.10661",0.069878,-3.839
"357.28027",14.311,3.839
"409.13631",0.06995,-3.8375
"426.30165",14.282,3.8361
"571.2893",0.070109,-3.8343
"402.30168",14.263,3.8342
"657.54673",14.26,3.834
"611.28556",14.222,3.8301
"255.23289",14.192,3.827
"631.51572",14.188,3.8266
"568.33178",0.070508,-3.8261
"548.29702",14.137,3.8214
"328.09133",0.071279,-3.8104
"429.32046",14.026,3.8101
"305.15118311",0.071551,-3.8049
"445.31621",13.97,3.8042
"575.45414",0.071609,-3.8037
"351.06195",0.071632,-3.8033
"261.16113",0.071711,-3.8017
"437.26742",13.922,3.7993
"314.20882",0.071894,-3.798
"454.34114",0.071893,-3.798
"308.26762",13.909,3.7979
"367.2434",13.902,3.7972
"520.32771",13.902,3.7972
"448.30728",13.848,3.7916
"375.25208",13.847,3.7915
"335.16186",0.072253,-3.7908
"303.23338",13.838,3.7906
"455.29871",0.072432,-3.7872
"695.27564",0.072538,-3.7851
"369.30148",0.072642,-3.7831
"217.0478",0.072787,-3.7802
"145.03978",13.734,3.7797
"370.30493",0.072818,-3.7796
"306.25205",13.729,3.7792
"116.92735444",13.707,3.7769
"407.27012",13.704,3.7765
"503.26813",13.672,3.7731
"805.55984",13.664,3.7724
"377.13976",0.073187,-3.7723
"439.20822",13.654,3.7713
"317.14695",13.653,3.7712
"580.39794",13.648,3.7706
"165.02966",13.6,3.7655
"493.33598",0.073585,-3.7645
"194.99634",13.571,3.7624
"209.06753",0.07377,-3.7608
"411.23937",0.073777,-3.7607
"565.46491",0.073775,-3.7607
"418.21436",0.073817,-3.7599
"279.23289",13.543,3.7595
"99.92434145",13.492,3.754
"307.26461",13.414,3.7457
"626.58094",13.38,3.742
"360.18527",13.337,3.7373
"415.21598",13.312,3.7347
"118.92558",13.257,3.7287
"73.02806495",13.251,3.728
"351.25197",13.247,3.7276
"500.29548",13.218,3.7245
"146.1002",13.205,3.723
"633.48615",13.189,3.7213
"547.05496",0.075863,-3.7205
"449.28686",13.17,3.7192
"625.57783",13.169,3.7191
"427.35407",13.166,3.7187
"237.06623",0.075994,-3.718
"330.25212",13.14,3.7159
"387.25177",13.12,3.7137
"439.24701",0.076284,-3.7125
"214.10817",0.076306,-3.7121
"587.28711",13.082,3.7095
"479.28426",0.076579,-3.7069
"302.20567",0.076861,-3.7016
"307.14854",0.076914,-3.7006
"337.2364",12.983,3.6985
"473.28273",12.98,3.6982
"556.29704",12.919,3.6914
"391.14943",0.07742,-3.6911
"493.33596",0.07751,-3.6895
"277.13208",0.077538,-3.689
"480.31022",12.865,3.6854
"418.32611",12.847,3.6833
"372.22406",12.835,3.6821
"296.23108",12.786,3.6765
"241.09869",12.776,3.6753
"393.19587",0.07829,-3.675
"475.30125",12.764,3.674
"548.76744",0.078378,-3.6734
"151.01374",12.734,3.6706
"347.15023",0.078545,-3.6703
"483.2733",0.078608,-3.6692
"266.15118",12.698,3.6665
"273.04758",12.694,3.6661
"308.17034",0.078908,-3.6637
"314.1252",12.638,3.6597
"424.35187",0.079132,-3.6596
"240.075",0.079229,-3.6578
"658.54979",12.581,3.6532
"467.32959",12.573,3.6522
"307.16676446",0.079647,-3.6502
"785.58486",12.544,3.6489
"397.16905",0.079898,-3.6457
"357.03829",12.503,3.6442
"453.33793",0.079991,-3.644
"423.34851",0.080052,-3.6429
"437.2908",12.449,3.638
"305.23918",12.427,3.6355
"487.23715",12.417,3.6343
"313.23886",0.08061,-3.6329
"415.21625",12.397,3.6319
"360.17831",0.080683,-3.6316
"444.31198",12.356,3.6272
"371.22067",12.315,3.6223
"497.29464",12.292,3.6197
"299.25904",0.081369,-3.6194
"257.08233",0.08151,-3.6169
"154.96443",0.081712,-3.6133
"784.58182",12.201,3.6089
"206.01243",0.08204,-3.6075
"397.20584",0.082114,-3.6062
"239.07715",12.146,3.6025
"377.12507",12.137,3.6013
"493.22471",12.126,3.6001
"315.10944",0.08249,-3.5996
"370.29642",12.099,3.5968
"304.23523",12.095,3.5964
"120.04417",12.07,3.5933
"659.50774",12.056,3.5917
"516.30778",12.051,3.5911
"259.15494",0.082985,-3.591
"443.17452",12.021,3.5875
"227.0561",0.083213,-3.587
"489.21378",0.083246,-3.5865
"380.161",11.99,3.5838
"277.1445",11.987,3.5834
"749.57323",0.083455,-3.5829
"182.05275",0.083484,-3.5824
"429.21728",11.961,3.5803
"333.27096",11.952,3.5791
"541.26474",11.949,3.5788
"341.10128",11.946,3.5785
"351.92527",0.084148,-3.5709
"327.08788",0.084328,-3.5678
"116.92731",11.827,3.564
"445.19072",11.82,3.5632
"307.25496",11.82,3.5631
"211.02787",11.803,3.5611
"142.06497",11.801,3.5609
"118.92963",0.085039,-3.5557
"510.99719",0.085061,-3.5554
"231.06807",11.75,3.5545
"172.99057",11.745,3.554
"509.00021",0.085303,-3.5513
"73.02806",11.677,3.5456
"568.36168",11.668,3.5445
"470.23034",11.667,3.5443
"281.24895",0.085735,-3.544
"118.92569",11.615,3.5379
"428.31715",11.61,3.5373
"203.05565",0.086194,-3.5363
"463.20835",11.601,3.5362
"299.18667",0.086237,-3.5355
"483.23654",11.595,3.5354
"659.50263",11.594,3.5353
"783.57878",11.564,3.5315
"417.32281",11.544,3.5291
"469.22701",11.518,3.5258
"179.05518",11.483,3.5215
"213.08182",11.471,3.5199
"387.18463",11.469,3.5197
"154.04393",11.445,3.5166
"345.14529",11.44,3.516
"281.24913",0.087576,-3.5133
"108.90077",0.087944,-3.5073
"379.15847",11.352,3.5049
"371.29963",11.35,3.5046
"351.22121",11.329,3.502
"415.32179",11.304,3.4988
"145.09722",11.289,3.4969
"214.07053341",11.249,3.4918
"255.23281",11.238,3.4903
"156.96149",0.08901,-3.4899
"409.28663",11.224,3.4886
"259.07572",11.222,3.4883
"399.252",11.219,3.4878
"368.24162",11.204,3.4859
"567.43962",11.158,3.48
"366.26523",11.157,3.4799
"109.00301767",11.136,3.4771
"477.21338",0.089807,-3.477
"96.9682",0.090022,-3.4736
"373.23633",11.105,3.4732
"349.13733",0.090189,-3.4709
"349.14107",0.090384,-3.4678
"437.07235",0.090426,-3.4671
"144.04431",11.04,3.4647
"347.18681",0.09059,-3.4645
"385.23661",11.004,3.46
"287.16142",0.090946,-3.4588
"482.34245",0.091567,-3.449
"427.20893",10.919,3.4488
"451.30667",10.895,3.4456
"453.31469",0.091786,-3.4456
"223.08044",0.091858,-3.4445
"383.35337",0.092112,-3.4405
"653.51092",10.854,3.4402
"291.09173",10.852,3.4398
"480.17773",10.851,3.4398
"431.21106",10.824,3.4361
"499.29306134",10.804,3.4335
"536.3233",10.772,3.4292
"177.02191",0.092969,-3.4271
"605.29861",0.093403,-3.4204
"271.15549",0.093427,-3.42
"594.33888",0.093557,-3.418
"513.28933",10.687,3.4178
"439.37982",0.093739,-3.4152
"549.31741",0.094079,-3.41
"589.50212",10.624,3.4092
"385.16965962",0.094181,-3.4084
"223.17011",10.579,3.4032
"494.33935",0.094536,-3.403
"103.03873",10.559,3.4004
"230.10337",0.094749,-3.3997
"127.03888",10.509,3.3936
"311.18693",0.09562,-3.3865
"397.33232",0.095988,-3.381
"197.12877",10.411,3.3801
"384.31198",10.392,3.3774
"430.33307",10.381,3.3759
"486.22526",0.096622,-3.3715
"483.40602",0.096701,-3.3703
"474.28041",10.333,3.3692
"551.30501",10.319,3.3672
"385.05028",10.317,3.3669
"338.1464",10.303,3.365
"446.32785",10.258,3.3587
"185.10771",0.097671,-3.3559
"699.38163",10.233,3.3551
"331.26468",10.221,3.3534
"224.03805",0.097851,-3.3533
"392.12033",10.213,3.3523
"278.11504",0.098384,-3.3454
"136.07575",0.098504,-3.3437
"447.33103",10.117,3.3387
"425.26794",0.098986,-3.3366
"511.18645",0.099159,-3.3341
"377.27157",0.099289,-3.3322
"213.05776",10.061,3.3307
"390.22624",10.049,3.329
"116.07047",10.041,3.3278
"326.90192",0.099615,-3.3275
"339.20765",10.002,3.3222
"333.13072",9.9929,3.3209
"473.27707",9.9873,3.3201
"450.29899",9.9844,3.3197
"279.23281",9.984,3.3196
"582.3774",9.9531,3.3151
"305.24901",9.9491,3.3146
"515.30443",9.9213,3.3105
"463.30674",9.9123,3.3092
"289.18114",0.10112,-3.3058
"517.31732",0.1014,-3.3019
"509.31209",0.10155,-3.2998
"130.0862",9.7932,3.2918
"117.07386",9.7899,3.2913
"257.12923",9.7639,3.2875
"493.33591",0.10278,-3.2823
"145.0496",0.1029,-3.2807
"415.21634",9.7096,3.2794
"462.27082",9.7025,3.2784
"461.99703",0.10309,-3.278
"474.24773",9.6957,3.2773
"74.02333",9.6717,3.2738
"487.26812",0.10342,-3.2734
"440.3831",0.10363,-3.2705
"303.16088",0.10372,-3.2692
"121.02835",9.6328,3.268
"298.06345",9.6305,3.2676
"206.16249",9.6089,3.2644
"419.21848",9.608,3.2642
"462.26914",0.10418,-3.2629
"232.11871",9.5963,3.2625
"301.20231",0.1045,-3.2584
"463.30314",9.5484,3.2553
"427.17959",9.5463,3.2549
"335.22317",0.10501,-3.2515
"388.18808",9.5213,3.2512
"375.09634",9.5142,3.2501
"489.33445",0.10532,-3.2472
"247.08236",9.4927,3.2468
"331.11933",0.10537,-3.2464
"271.19192",0.10544,-3.2455
"569.36536",9.4816,3.2451
"471.26694",9.4711,3.2435
"550.34836",0.10581,-3.2404
"636.34937",9.4498,3.2403
"289.15595",0.10588,-3.2395
"438.29417",9.4387,3.2386
"355.28553",9.4106,3.2343
"353.23088",9.3923,3.2315
"616.31999",0.10691,-3.2256
"368.19001",9.3294,3.2218
"227.13965",9.3125,3.2192
"307.19497",9.3027,3.2177
"474.26287",9.2633,3.2115
"396.22414",9.2576,3.2106
"132.0292",9.2422,3.2082
"220.06103",9.2386,3.2077
"814.56162",0.10872,-3.2013
"116.07055",9.1938,3.2007
"480.29445",9.177,3.198
"395.22074",9.1603,3.1954
"496.26868",9.1357,3.1915
"460.00038",0.1097,-3.1884
"530.28615",9.1049,3.1867
"791.59022",0.10994,-3.1852
"408.28334",9.0844,3.1834
"431.98771",0.11009,-3.1833
"782.56603",9.0808,3.1828
"319.16649",0.11019,-3.182
"568.36207",9.0556,3.1788
"660.52854",0.11061,-3.1765
"178.04998",9.0113,3.1717
"306.10463",0.111,-3.1714
"329.24887",9.0059,3.1709
"283.10895657",9.0016,3.1702
"570.36774",8.9872,3.1679
"362.29177",8.9604,3.1636
"149.04435",8.9517,3.1622
"182.95959",0.11179,-3.1611
"305.24896",8.9384,3.16
"642.55525",0.112,-3.1585
"341.27019",0.11202,-3.1581
"344.08938",8.9238,3.1577
"389.13439",8.9233,3.1576
"451.2467",8.8977,3.1534
"659.52505",0.11257,-3.151
"556.345",0.11319,-3.1432
"205.15916",8.8327,3.1429
"382.29635",8.819,3.1406
"389.17025",0.11342,-3.1402
"408.29941",8.8059,3.1385
"481.30613",0.11363,-3.1375
"679.49506",0.11375,-3.136
"639.49506",8.7905,3.1359
"184.09721",0.11384,-3.1349
"488.34696",0.11402,-3.1326
"117.92735",8.7631,3.1314
"591.39091",8.7538,3.1299
"543.33564",8.753,3.1298
"458.00333",0.11428,-3.1293
"185.04481",8.7458,3.1286
"441.2864",0.11444,-3.1273
"355.14339",8.7352,3.1268
"568.32579",8.7313,3.1262
"472.24585",8.7223,3.1247
"434.33595",0.11479,-3.1229
"296.94358",0.11488,-3.1219
"421.20998",0.1149,-3.1215
"130.04983",8.6715,3.1163
"357.11366",8.6693,3.1159
"231.0187",8.6649,3.1152
"294.21612",0.11553,-3.1136
"327.16932",0.11562,-3.1126
"471.27325",0.11563,-3.1124
"609.39306",8.6424,3.1114
"304.10093",0.11587,-3.1095
"297.10954",0.11594,-3.1086
"759.41585",0.11613,-3.1062
"332.1173",8.6039,3.105
"564.37311",0.1163,-3.104
"180.0659",8.5971,3.1039
"222.00768",0.11643,-3.1025
"327.10238",0.11643,-3.1025
"99.92433",8.5848,3.1018
"470.23045",8.5823,3.1014
"417.28591",8.5809,3.1011
"328.16985",8.5783,3.1007
"630.51844",8.5703,3.0993
"462.29969",8.5687,3.0991
"645.49507",0.11712,-3.0939
"541.3349",8.5236,3.0915
"279.23325",0.11738,-3.0908
"432.98131",0.11748,-3.0895
"619.44645",8.5083,3.0889
"401.29067",8.4891,3.0856
"319.19192",8.4808,3.0842
"287.09302",8.4714,3.0826
"676.30599",8.462,3.081
"332.2679",8.3944,3.0694
"430.98438",0.11913,-3.0693
"300.26273",0.11918,-3.0688
"228.05125",8.3827,3.0674
"471.24287",8.3557,3.0628
"384.27576",8.3466,3.0612
"109.00301",8.3385,3.0598
"481.34611",0.12023,-3.0561
"472.27011",8.3114,3.0551
"156.02905",8.3049,3.054
"299.15026",8.2964,3.0525
"156.06568",0.12063,-3.0513
"283.2433",8.281,3.0498
"407.28059",8.2747,3.0487
"377.12454",0.121,-3.0469
"482.32172",0.12102,-3.0467
"673.54192",0.12137,-3.0425
"277.14769",8.2392,3.0425
"435.23671",8.2228,3.0396
"433.9848",0.12186,-3.0366
"526.293",0.12212,-3.0336
"246.14281",0.12222,-3.0325
"767.42262",8.1773,3.0316
"533.34841",0.12249,-3.0292
"206.0455",0.12253,-3.0288
"132.04427",8.1608,3.0287
"775.57754",0.12306,-3.0226
"492.33356",8.1071,3.0192
"333.24397",0.12372,-3.0149
"327.0879",0.12409,-3.0105
"537.3205",0.12437,-3.0073
"129.96907",0.12441,-3.0068
"136.89064",0.12444,-3.0065
"254.10378",0.12456,-3.0051
"197.04884",8.0279,3.005
"165.05483",0.12495,-3.0006
"331.25536",8.0022,3.0004
"633.4379",7.9982,2.9997
"227.16479",7.9853,2.9973
"617.47649",0.12575,-2.9914
"307.11908",7.9431,2.9897
"163.06009",7.9395,2.989
"521.29464",0.12605,-2.9879
"226.11635",7.9207,2.9856
"554.50574",7.9127,2.9842
"423.27265",0.1264,-2.9839
"257.12986",7.9029,2.9824
"511.31048",0.12667,-2.9809
"150.05495",7.8934,2.9806
"512.27715",7.8892,2.9799
"245.13947",0.12684,-2.979
"475.19769",7.8837,2.9789
"481.33617",0.12695,-2.9776
"361.19218",7.8759,2.9774
"689.35279",7.8535,2.9733
"306.25207",7.8525,2.9731
"629.51486",7.8389,2.9707
"227.12874",0.12779,-2.9681
"311.16891",7.823,2.9677
"218.08544",7.8224,2.9676
"389.10379",0.12835,-2.9619
"656.53463",7.7762,2.9591
"484.2766",0.12898,-2.9548
"327.23359",7.7453,2.9533
"569.45496",0.12912,-2.9532
"609.32151",7.7424,2.9528
"287.22313",0.12929,-2.9513
"475.26819",7.7331,2.951
"485.22163",7.7078,2.9463
"487.34346",0.12978,-2.9458
"432.24303",7.7034,2.9455
"357.21493",0.12988,-2.9448
"467.33818",0.12995,-2.9439
"535.27368",7.6903,2.943
"507.31553",0.13037,-2.9393
"219.0821",7.6531,2.936
"462.2488",7.648,2.9351
"511.27367",7.647,2.9349
"227.12864",0.13092,-2.9332
"475.19755",7.6383,2.9332
"478.30788",0.13096,-2.9328
"171.13809",0.1311,-2.9313
"505.27452",7.616,2.929
"607.45796",0.13144,-2.9276
"286.20538",7.5943,2.9249
"216.13177",0.13203,-2.9211
"435.98168",0.13211,-2.9202
"531.29937",7.5653,2.9194
"527.30445",7.5564,2.9177
"407.11483",7.5286,2.9124
"539.3052",0.13298,-2.9107
"114.93274345",7.5076,2.9084
"301.26572",0.13325,-2.9078
"335.16194",0.13335,-2.9067
"113.04137",7.495,2.9059
"270.04762",0.13386,-2.9012
"169.07622",0.1339,-2.9007
"172.09711",0.13396,-2.9001
"521.24327",7.4628,2.8997
"341.19751",0.13428,-2.8967
"608.31821",7.4461,2.8965
"309.10194",7.4361,2.8945
"199.09703",0.13474,-2.8917
"239.1037",0.13508,-2.8881
"158.08141",7.4,2.8875
"196.06085",7.3968,2.8869
"550.29078",0.13521,-2.8867
"171.0766",7.3862,2.8848
"222.1576",7.3804,2.8837
"527.28642",7.3771,2.8831
"427.26162",7.3709,2.8818
"404.28883",0.13581,-2.8804
"435.03493",0.13588,-2.8796
"358.13021",0.13596,-2.8787
"611.34459",7.3447,2.8767
"258.12791",7.3188,2.8716
"473.25252",7.3188,2.8716
"284.22318",7.3183,2.8715
"491.33842",0.13699,-2.8679
"525.26206",7.296,2.8671
"155.03388",7.2829,2.8645
"344.28098",7.2789,2.8637
"222.07699",0.13749,-2.8626
"381.09603",0.13768,-2.8606
"272.23154",0.13769,-2.8605
"321.21061",7.2593,2.8598
"445.19044",7.2213,2.8523
"590.50595",7.2143,2.8509
"313.23854",7.1988,2.8478
"625.32423",0.13918,-2.8449
"257.21222",0.13936,-2.8431
"369.22867",0.13938,-2.8429
"465.30491",7.1716,2.8423
"311.22334",0.13947,-2.8419
"227.10903",7.1561,2.8392
"116.9273668",7.1438,2.8367
"221.15434",7.1324,2.8344
"245.13952",0.14036,-2.8328
"329.23953",7.1192,2.8317
"328.23644",7.1096,2.8298
"403.28595",0.14075,-2.8288
"335.16206",0.14083,-2.828
"461.27234",0.14085,-2.8278
"216.08758",0.14086,-2.8276
"209.06629",7.0975,2.8273
"203.03456",0.14096,-2.8266
"313.11967",7.0939,2.8266
"391.28562",7.0788,2.8235
"285.12464",7.0786,2.8235
"492.34538",7.0572,2.8191
"209.01211",0.14171,-2.819
"243.0512",0.14199,-2.8161
"471.26693",7.0351,2.8146
"305.24896403",0.14232,-2.8128
"274.14135",0.14273,-2.8086
"673.54122",0.14287,-2.8072
"387.12843",6.9866,2.8046
"355.24958",0.14314,-2.8045
"435.23381",6.9585,2.7988
"359.25541",6.9578,2.7986
"132.07355",6.9513,2.7973
"287.05659",6.9507,2.7972
"251.12648",0.1441,-2.7948
"418.3102",0.14412,-2.7947
"372.3122",6.919,2.7906
"527.3207",6.9174,2.7902
"673.54172",0.14492,-2.7866
"538.22996",0.14514,-2.7845
"617.53439",6.8868,2.7838
"151.01373",6.8838,2.7832
"511.2738",6.8827,2.783
"252.08762",6.8816,2.7828
"152.08179",6.87,2.7803
"360.24914",6.8653,2.7793
"228.13179",6.8494,2.776
"550.32129",6.8447,2.775
"314.14341",6.8433,2.7747
"397.25933",6.8399,2.774
"611.34524",0.14647,-2.7714
"451.27043",6.8256,2.7709
"632.49763",6.8237,2.7706
"223.16973",6.8232,2.7705
"553.50306",6.816,2.7689
"269.04572",6.801,2.7657
"343.11127",0.14742,-2.762
"241.14455",0.14754,-2.7608
"554.31662",0.14757,-2.7606
"192.06599",6.7415,2.7531
"160.06867",0.14841,-2.7523
"385.16945",6.7361,2.7519
"283.17237",6.7324,2.7511
"107.04899",6.7218,2.7489
"439.2472",6.7209,2.7487
"542.33611",6.7007,2.7443
"353.15845",6.6939,2.7429
"358.25221",6.6927,2.7426
"588.4668",0.14955,-2.7413
"491.27839",0.15004,-2.7366
"552.49994",6.6444,2.7321
"315.19733",0.15084,-2.7289
"462.32293",6.62,2.7268
"132.86677",0.15106,-2.7268
"367.11422",0.15113,-2.7261
"317.11465",6.6022,2.723
"469.22711",6.5945,2.7213
"215.10337",6.5916,2.7206
"543.25549",6.5789,2.7179
"378.27788",6.575,2.717
"470.14778",6.5538,2.7123
"265.05115",6.5509,2.7117
"312.22665",0.15303,-2.7081
"538.38638",6.5307,2.7072
"295.22812",0.15351,-2.7036
"497.3412",0.1536,-2.7028
"180.03805",6.5085,2.7023
"408.26804",0.15407,-2.6983
"406.19899",0.15434,-2.6959
"233.06655",6.4661,2.6929
"759.41566",0.15485,-2.691
"277.21756",0.15498,-2.6899
"372.25475",0.15508,-2.6889
"335.09455",0.1552,-2.6878
"410.26473",0.15534,-2.6865
"237.06138",6.4284,2.6845
"387.252",6.4219,2.683
"315.0326",0.15571,-2.683
"367.15883",6.4201,2.6826
"230.10161",0.15592,-2.6811
"130.04991",6.4135,2.6811
"399.18862",6.3916,2.6762
"631.49464",6.3917,2.6762
"85.06441",6.3835,2.6744
"131.07024",6.3791,2.6734
"275.14035144",6.3788,2.6733
"297.15301",6.3762,2.6727
"418.21402",6.3661,2.6704
"393.22869",0.15712,-2.6701
"454.26612",0.15729,-2.6685
"451.3029",6.3452,2.6657
"516.30824",6.3335,2.663
"395.24738",6.3281,2.6618
"406.14128",0.15807,-2.6614
"388.21074",6.3261,2.6613
"545.32346",6.3214,2.6602
"197.11771",0.15825,-2.6597
"677.28672",0.15826,-2.6596
"527.30479",6.3172,2.6593
"541.33394",6.3172,2.6593
"651.59364",6.3112,2.6579
"472.35162498",0.1585,-2.6574
"139.11174",0.15869,-2.6557
"139.01952",6.2985,2.655
"465.23897",6.2977,2.6548
"412.86129",0.15927,-2.6505
"478.3473",6.2743,2.6495
"235.04298",0.15947,-2.6486
"400.18844",0.15969,-2.6467
"631.46057",6.2506,2.644
"285.08442",0.16012,-2.6428
"447.34849266",0.16033,-2.6408
"554.3463",6.2327,2.6399
"516.2939",6.2151,2.6358
"381.33801",0.16094,-2.6354
"433.29611",0.16114,-2.6336
"175.09678",0.1614,-2.6312
"99.92438",6.1897,2.6299
"334.17755",6.19,2.6299
"535.2382",6.1894,2.6298
"467.30354",0.16161,-2.6294
"409.19053",0.16171,-2.6286
"335.16176",0.16183,-2.6275
"414.20393",6.1686,2.6249
"267.12178",0.16221,-2.6241
"405.26458",6.1629,2.6236
"102.05473",6.1538,2.6215
"315.25436",0.16251,-2.6214
"191.05523",6.1504,2.6207
"337.10892",0.16278,-2.619
"465.30466",6.143,2.6189
"661.54168",6.1405,2.6183
"418.30487",0.16297,-2.6173
"88.03897",6.1357,2.6172
"318.13079",6.1345,2.6169
"446.19437",6.132,2.6164
"351.21788",0.16325,-2.6148
"655.53122",6.1195,2.6134
"224.05632",0.16345,-2.6131
"121.02825",6.1011,2.6091
"377.28316",6.0988,2.6085
"627.5358",0.16418,-2.6067
"253.10812",6.0815,2.6044
"551.30422",6.0756,2.603
"275.1272",6.07,2.6017
"300.19329",0.1648,-2.6012
"303.11536",0.16515,-2.5982
"389.28341",0.16516,-2.5981
"421.23386",0.16521,-2.5976
"324.13008",6.0522,2.5975
"505.30164",6.0442,2.5956
"293.21248",0.16585,-2.592
"343.19921",0.1659,-2.5916
"99.00739",6.0224,2.5903
"349.20221",0.16607,-2.5901
"339.09606",6.0172,2.5891
"667.47088",6.0164,2.5889
"118.91712",6.0111,2.5876
"269.21222",6.0107,2.5875
"417.30149",0.16677,-2.584
"285.08045",0.16688,-2.5831
"256.05939",5.9871,2.5819
"285.01459",5.9847,2.5813
"130.08625",5.9813,2.5805
"415.21629",5.9679,2.5772
"579.49949",0.16791,-2.5742
"587.28709",5.9483,2.5725
"349.12566",5.9356,2.5694
"297.23438",0.16852,-2.569
"197.09958",5.9208,2.5658
"782.56507",0.16904,-2.5646
"504.33339",0.16917,-2.5635
"485.30425",0.16943,-2.5612
"466.23512",0.1698,-2.5581
"116.92741",0.16984,-2.5578
"484.30426",5.8846,2.5569
"466.30704",5.8822,2.5564
"525.28968",0.17025,-2.5543
"316.18822",0.1703,-2.5538
"480.30979",5.8666,2.5525
"468.1518",0.17073,-2.5502
"613.50218",5.8505,2.5486
"496.26852",5.8495,2.5483
"169.04003",5.845,2.5472
"442.16282",5.844,2.547
"315.25424",0.17112,-2.5469
"774.57424",0.17132,-2.5453
"455.29137",5.836,2.545
"255.23291",5.8202,2.5411
"200.12847",0.17235,-2.5366
"336.19006",5.8004,2.5362
"461.26743",5.7833,2.5319
"225.22213",0.17294,-2.5317
"351.21629",0.17299,-2.5313
"341.14856",0.17306,-2.5306
"118.91713",5.7758,2.53
"525.25279",5.7727,2.5293
"569.54265",5.7708,2.5288
"528.30829",5.7509,2.5238
"538.32966",5.7453,2.5224
"154.96439",0.17412,-2.5219
"395.24343",5.7391,2.5208
"540.33102",5.7354,2.5199
"554.34684",5.7322,2.5191
"132.86685",0.17449,-2.5187
"349.14133",0.17494,-2.5151
"460.28339",5.7131,2.5143
"567.53597",5.7099,2.5135
"241.09224",5.7097,2.5134
"235.08229",0.1752,-2.5129
"289.07197",5.704,2.512
"221.04533",0.17549,-2.5105
"469.21588",5.6963,2.51
"463.34354",0.17562,-2.5094
"538.49234",5.6917,2.5089
"128.03423",5.6907,2.5086
"473.28322",5.6843,2.507
"302.98726",5.6453,2.497
"248.09749",5.638,2.4952
"333.22077",0.17792,-2.4907
"509.25777",0.17811,-2.4891
"568.5394",5.6055,2.4868
"487.23757",5.5926,2.4835
"504.2713",5.5902,2.4829
"303.12013",5.5901,2.4829
"457.28338",0.17896,-2.4823
"419.2805",0.17905,-2.4816
"346.13878",0.17969,-2.4764
"164.92628",5.5615,2.4755
"662.54495",5.5506,2.4726
"357.18581",5.5335,2.4682
"286.11677",0.18079,-2.4676
"406.2685",5.5313,2.4676
"453.26282",0.1808,-2.4675
"510.29154",5.5307,2.4675
"132.86676",0.18086,-2.4671
"537.48907",5.5232,2.4655
"232.05903",5.5052,2.4608
"255.23278",5.5026,2.4601
"356.14539",5.4938,2.4578
"496.29658",5.4913,2.4572
"349.16638",0.18264,-2.453
"306.13522",0.18289,-2.451
"533.30955",5.4667,2.4507
"603.49587",0.18292,-2.4507
"386.09169",5.4665,2.4506
"257.12951",0.18301,-2.45
"397.23634",5.4602,2.449
"711.51864",0.18319,-2.4486
"364.2192",0.18326,-2.448
"319.13013",5.448,2.4457
"243.1236",5.4474,2.4456
"363.21582",0.18365,-2.4449
"333.17141",0.18377,-2.4441
"158.97769",5.4358,2.4425
"523.23654",0.18402,-2.4421
"283.26458",5.4311,2.4412
"375.25212",5.4287,2.4406
"296.23117",0.18442,-2.439
"482.30307",0.18446,-2.4386
"479.24739",5.4161,2.4373
"636.5288",0.18466,-2.437
"201.11267",0.18481,-2.4359
"231.12366",0.18492,-2.435
"505.33569",5.4067,2.4347
"153.01826",5.4054,2.4344
"595.49445",5.3868,2.4294
"362.07563",5.3864,2.4293
"468.34149",0.186,-2.4266
"363.20749",5.3735,2.4259
"299.11986",0.18637,-2.4238
"327.13554",0.18638,-2.4237
"301.09618",0.18647,-2.423
"401.15401",5.3616,2.4227
"284.26722",5.3603,2.4223
"299.25517",0.18657,-2.4222
"267.09869",5.3495,2.4194
"327.08815",0.18699,-2.4189
"199.09704",0.18721,-2.4173
"402.29405",5.3409,2.4171
"439.30696",0.18739,-2.4159
"265.14799",5.3359,2.4157
"133.04658",5.3307,2.4143
"453.28628",5.3279,2.4136
"597.39326",5.3262,2.4131
"451.1145",5.3223,2.412
"160.06043",5.3188,2.4111
"508.33694",5.3163,2.4104
"285.27018",5.3127,2.4094
"257.08235",0.18825,-2.4093
"409.31128",5.3086,2.4083
"337.20606",0.18839,-2.4082
"331.08034",5.2983,2.4055
"224.01345",5.2928,2.404
"285.11366",0.18897,-2.4038
"286.07338",0.18908,-2.4029
"333.1383",5.2825,2.4012
"147.06523",5.2781,2.4
"365.23675",5.2741,2.3989
"147.0289",5.2556,2.3938
"533.36031",0.19059,-2.3915
"301.12959",0.19084,-2.3896
"171.02911",0.19116,-2.3872
"464.30985",5.2303,2.3869
"337.20574",5.2279,2.3862
"492.33384",5.224,2.3852
"151.01455",5.2191,2.3838
"369.20518",5.2153,2.3828
"353.2012",5.2127,2.382
"296.23127",0.1921,-2.3801
"635.52584",0.19239,-2.3779
"471.34799",0.19246,-2.3774
"143.11795",0.19262,-2.3761
"310.09391",5.186,2.3746
"135.04418",5.184,2.3741
"464.28435",0.1929,-2.3741
"453.28611",5.1829,2.3737
"134.89362",0.1931,-2.3726
"141.01584",5.1754,2.3717
"544.26613",5.1731,2.371
"329.23369",0.19407,-2.3654
"167.07052",0.19416,-2.3647
"591.31729",5.1467,2.3637
"78.9576",0.19475,-2.3603
"93.03313",5.1346,2.3603
"645.49502",0.19482,-2.3598
"219.12349",0.19515,-2.3573
"96.95874",5.1181,2.3556
"257.10339",5.1138,2.3544
"447.20607",5.1102,2.3534
"376.27906",5.1069,2.3525
"202.11591",0.19583,-2.3523
"344.20274",5.1064,2.3523
"620.52546",5.1016,2.351
"348.17412",0.19627,-2.3491
"177.01836",5.0932,2.3486
"781.55894",0.19649,-2.3475
"589.51742",5.0889,2.3474
"115.0388",5.0875,2.3469
"550.05514",0.19681,-2.3451
"130.98255",5.0718,2.3425
"123.04404",0.19722,-2.3421
"186.07648",0.19723,-2.3421
"245.06682",5.0705,2.3421
"230.14745",0.19733,-2.3413
"271.15555",0.19765,-2.339
"271.22825",0.19796,-2.3367
"399.22053",5.046,2.3351
"375.27557",5.0438,2.3345
"385.19196",5.0317,2.331
"197.08138",0.19895,-2.3295
"615.53826",5.011,2.3251
"269.2489",5.0108,2.325
"405.26473",5.0089,2.3245
"361.27144",5.0046,2.3233
"249.11333",0.20031,-2.3197
"270.25214",4.9924,2.3197
"674.54508",0.20045,-2.3187
"635.35015",0.20065,-2.3173
"379.14068",0.20066,-2.3172
"511.30982",0.20067,-2.3171
"418.92961",4.9809,2.3164
"273.07734",4.98,2.3161
"448.35181",0.20091,-2.3154
"537.30751",4.9705,2.3134
"336.13039",4.9629,2.3112
"397.16905954",4.9573,2.3096
"538.32046",4.9554,2.309
"611.44545",0.20191,-2.3083
"301.62761",4.9529,2.3083
"213.09155",4.9462,2.3063
"377.25529",0.20223,-2.3059
"461.36419",0.20235,-2.3051
"449.32772",0.2025,-2.304
"170.0424",4.9365,2.3035
"365.2308",4.9313,2.302
"369.10427",4.9133,2.2967
"351.22132",4.9116,2.2962
"225.09901",4.9039,2.2939
"431.20317",0.20436,-2.2908
"136.07574",0.20449,-2.2899
"610.33247",0.20475,-2.288
"274.03342",4.8835,2.2879
"239.2016",0.20477,-2.2879
"488.37477",0.20496,-2.2866
"408.25244",0.2052,-2.2849
"549.29367",0.20529,-2.2842
"269.06714",4.862,2.2815
"403.35833",0.20595,-2.2797
"363.20994",0.20609,-2.2786
"432.2069",0.20617,-2.2781
"169.04971",0.20631,-2.2771
"383.1351",4.8442,2.2762
"527.32077",4.8431,2.2759
"393.2652",4.831,2.2723
"136.89057",4.8205,2.2692
"693.50501",4.8164,2.268
"411.35929",4.8084,2.2656
"261.08816",4.8066,2.265
"371.18993",4.8024,2.2638
"467.2977",4.8012,2.2634
"479.31957",4.7979,2.2624
"521.33098",4.79,2.26
"116.92739",0.2095,-2.255
"360.2679",4.7697,2.2539
"297.24372",0.20967,-2.2538
"408.28423",0.20983,-2.2527
"324.16514",0.20987,-2.2524
"126.09939",0.2104,-2.2488
"151.03899",4.7506,2.2481
"363.21583",0.211,-2.2447
"343.21301",0.21109,-2.2441
"332.22352",0.21111,-2.244
"479.30157",4.7299,2.2418
"325.20249",0.21142,-2.2418
"419.28472",4.7293,2.2416
"365.34259",4.7264,2.2407
"343.08592",4.7259,2.2406
"340.16038",0.21167,-2.2401
"399.15098",4.7143,2.237
"625.53223",0.21214,-2.2369
"466.3063",4.7104,2.2358
"403.2969",4.7094,2.2356
"135.04399",4.7091,2.2355
"488.2762",4.7017,2.2332
"279.61447",4.6966,2.2316
"487.27302",4.6938,2.2308
"557.45764",4.6864,2.2285
"474.28641",4.6771,2.2256
"468.31845",0.21382,-2.2255
"443.17491",4.665,2.2219
"596.49793",0.21446,-2.2212
"294.21603",0.21499,-2.2177
"297.0863",0.21538,-2.2151
"468.24695",4.6387,2.2137
"369.24082",0.21567,-2.2131
"433.29629",0.21567,-2.2131
"574.4508",0.21572,-2.2128
"555.33238",0.21587,-2.2118
"525.27037",4.631,2.2113
"330.25228",4.6273,2.2102
"381.23202",4.6235,2.209
"117.01816",4.611,2.2051
"511.27313",4.6094,2.2046
"588.46626",0.21733,-2.202
"188.00959",4.5999,2.2016
"115.07527",0.21752,-2.2007
"355.32232",0.2177,-2.1996
"301.21752",0.21782,-2.1988
"321.13235",4.5903,2.1986
"245.13924",0.21791,-2.1982
"608.31767",0.21809,-2.197
"491.33824",0.21821,-2.1962
"229.09812",0.21847,-2.1945
"271.09784",4.5755,2.1939
"592.31688",4.574,2.1935
"527.30485",4.5725,2.193
"370.1776",4.5705,2.1924
"349.2389",0.21937,-2.1885
"273.11383",0.21962,-2.1869
"351.3269",4.5532,2.1869
"433.33262",0.21964,-2.1868
"520.32784",0.21985,-2.1854
"257.12968",4.5472,2.185
"316.25761",0.22016,-2.1834
"374.23988",4.5396,2.1826
"349.20253",0.22032,-2.1823
"467.33809",0.22065,-2.1801
"173.11752",0.22089,-2.1786
"606.34136",4.5264,2.1784
"360.105",4.5257,2.1781
"229.14428",0.22103,-2.1777
"127.00014181",4.5217,2.1769
"315.13532",0.22127,-2.1761
"345.22878",0.22141,-2.1752
"528.30804",4.5158,2.175
"129.01831",4.5096,2.173
"409.27133",0.2218,-2.1727
"435.31125",0.22191,-2.172
"552.30814",4.506,2.1718
"475.28932",4.4987,2.1695
"439.28204",4.4948,2.1683
"363.12058",4.4902,2.1668
"509.28866",4.4851,2.1651
"362.26477",4.4726,2.1611
"583.46057",4.4706,2.1605
"377.14315",4.4685,2.1598
"292.10335",0.22396,-2.1587
"230.10304",0.22399,-2.1585
"241.18084",0.22406,-2.158
"305.01828",0.22437,-2.156
"476.28442",4.455,2.1554
"226.06493",4.4544,2.1552
"233.1391",4.4472,2.1529
"321.20741",0.22486,-2.1529
"330.20405",0.22498,-2.1521
"355.20269",0.22504,-2.1517
"627.33947",0.2251,-2.1514
"255.23263",4.4408,2.1508
"399.18517",0.22526,-2.1503
"265.14806",4.4383,2.15
"283.10895",4.438,2.1499
"269.21253",0.22548,-2.1489
"257.17569",0.22552,-2.1486
"403.23579",4.4338,2.1486
"619.56689",0.22611,-2.1449
"471.34847",0.22638,-2.1432
"389.27027",0.22644,-2.1428
"471.34812",0.22656,-2.142
"399.22135",0.22681,-2.1404
"365.231",4.3887,2.1338
"395.1898",4.3842,2.1323
"216.08744",0.22871,-2.1284
"679.37654",0.22873,-2.1283
"509.28817",4.3678,2.1269
"469.2271",4.3606,2.1245
"319.13145",4.3536,2.1222
"311.16862",4.352,2.1217
"375.32724",0.22983,-2.1213
"230.08207",0.2303,-2.1184
"577.36453",4.3279,2.1137
"623.34137",4.3266,2.1132
"497.33036",0.23155,-2.1106
"488.24046",4.313,2.1087
"322.24714",0.23276,-2.1031
"248.93497",4.2923,2.1017
"391.20863",0.23316,-2.1006
"496.28412",0.23346,-2.0987
"518.89547",4.2828,2.0986
"471.26722",4.2675,2.0934
"348.89642",4.2545,2.089
"487.23773",4.2476,2.0866
"188.09999",0.23559,-2.0857
"499.3101",4.244,2.0854
"170.04508",0.23571,-2.0849
"373.23646",4.2301,2.0807
"479.3745",0.23651,-2.08
"127.00014",4.2247,2.0788
"595.49447",0.23721,-2.0758
"371.18013",0.23722,-2.0757
"372.19357",0.23769,-2.0729
"372.2142",0.23774,-2.0725
"377.23359",0.2378,-2.0722
"444.31251",4.196,2.069
"715.5679",0.23863,-2.0671
"225.113",0.23898,-2.065
"331.15569",0.23906,-2.0645
"125.09604",0.2399,-2.0595
"479.29767",4.1673,2.0591
"395.31701",0.24004,-2.0586
"463.28393",4.1646,2.0582
"519.38064",0.24015,-2.058
"611.50271",4.1618,2.0572
"200.05592",4.1533,2.0542
"211.13347",0.24104,-2.0526
"541.27863",4.1472,2.0522
"456.28301",4.1268,2.045
"700.38502",4.1254,2.0445
"433.24917",0.24244,-2.0443
"469.25036",4.1235,2.0439
"405.26505",0.24314,-2.0402
"468.25121",4.1108,2.0394
"482.2955",0.24333,-2.039
"526.31446",4.1088,2.0387
"317.17007",4.1048,2.0373
"293.21266",0.24365,-2.0371
"541.484",0.24378,-2.0363
"464.31",0.24386,-2.0359
"366.22631",4.0982,2.035
"615.51851",4.0963,2.0343
"353.10123",0.24431,-2.0332
"161.06927",4.0871,2.0311
"436.27907",4.0843,2.0301
"365.14661",4.0784,2.028
"568.31838",4.0738,2.0264
"302.22093",4.0618,2.0221
"229.11902",0.24653,-2.0202
"187.09683",0.24661,-2.0197
"504.37006",0.24667,-2.0194
"431.35292",4.0508,2.0182
"615.31655",0.24706,-2.0171
"99.00741",4.0472,2.0169
"460.20637",4.041,2.0147
"369.17456",4.0377,2.0135
"211.1335",4.0354,2.0127
"487.20145",4.0297,2.0107
"621.437",4.0167,2.006
"463.32651",0.24954,-2.0027
"557.35134",4.0052,2.0019
"370.10748",4.001,2.0004
"513.28957",0.25014,-1.9992
"131.07031",3.9937,1.9977
"307.26462",3.9932,1.9975
"139.05815",0.2506,-1.9966
"596.29276",3.9905,1.9966
"589.30355",3.9775,1.9919
"459.20307",3.975,1.991
"283.10899",3.9738,1.9905
"389.2703",0.25212,-1.9878
"459.27344",3.9588,1.9851
"187.00637",3.9542,1.9834
"307.09563",0.2529,-1.9834
"301.21757",3.9522,1.9827
"407.25752",3.9521,1.9826
"781.56317",3.9519,1.9825
"413.20029",3.9502,1.9819
"498.28996",3.9415,1.9788
"142.0652",0.25398,-1.9772
"269.04608",0.25415,-1.9762
"350.23964",3.934,1.976
"375.29082",0.2542,-1.9759
"327.20769",3.9311,1.9749
"271.22353",3.9307,1.9748
"387.11481",3.9308,1.9748
"451.26678",0.25452,-1.9742
"629.31123",0.25497,-1.9716
"380.9267",0.25534,-1.9695
"181.04989",0.25543,-1.969
"317.26022",0.25547,-1.9688
"505.26285",3.9137,1.9685
"116.92731845",3.9132,1.9684
"513.47972",3.9115,1.9677
"345.21082",0.25595,-1.9661
"321.13475",0.25597,-1.966
"254.10346",0.25613,-1.9651
"261.11356",0.25632,-1.964
"283.26464",0.25647,-1.9632
"373.2751",0.25656,-1.9626
"585.48702",0.25703,-1.96
"624.52903",0.25727,-1.9587
"618.47973",0.2573,-1.9585
"251.129",0.25735,-1.9582
"463.30707",0.25746,-1.9576
"298.24689",0.25752,-1.9573
"231.01867",0.25771,-1.9562
"183.0482",3.8789,1.9557
"335.15372",0.25849,-1.9518
"537.35597",0.25862,-1.9511
"478.29415",3.8649,1.9504
"511.47326",3.8579,1.9478
"286.13614",0.25966,-1.9453
"269.21212",3.8484,1.9442
"512.47659",3.8449,1.943
"249.14975",3.8441,1.9427
"429.25854",3.843,1.9422
"435.23454",0.26054,-1.9404
"462.369",0.2606,-1.9401
"335.15403",0.26075,-1.9393
"315.10779",0.26078,-1.9391
"425.30278",3.8324,1.9382
"345.2283",3.8305,1.9375
"407.11044",3.8286,1.9368
"617.47639",0.26132,-1.9361
"567.31531",3.8248,1.9354
"377.23679",3.8247,1.9354
"415.18993",3.8162,1.9321
"204.05095",3.8124,1.9307
"285.17108",3.8092,1.9295
"365.24625",3.8087,1.9293
"559.47118",3.8083,1.9291
"305.1013",0.26278,-1.9281
"269.17603",0.26293,-1.9273
"476.2786",3.8032,1.9272
"483.26542",3.8019,1.9267
"303.1353811",3.7983,1.9253
"481.31719",3.7962,1.9246
"398.20914",3.7933,1.9234
"455.24223",0.26407,-1.921
"248.09293",3.7849,1.9202
"245.13947648",0.26486,-1.9167
"476.27817",3.7712,1.915
"617.51107",0.2655,-1.9132
"507.3175",3.7641,1.9123
"286.00319",3.7637,1.9122
"330.23725",0.26599,-1.9106
"322.14952",3.7591,1.9104
"325.18449",0.26625,-1.9091
"129.96904",0.26639,-1.9084
"285.24375",3.754,1.9084
"541.321",0.26662,-1.9071
"252.13226",0.26665,-1.907
"217.10788",0.26671,-1.9066
"270.21588",0.26725,-1.9037
"784.58215",0.26727,-1.9036
"156.01132",3.7402,1.9031
"311.22321",0.26747,-1.9025
"461.35403",3.7326,1.9002
"173.1033",0.26791,-1.9002
"116.04946",0.26809,-1.8992
"181.06914",3.7284,1.8985
"328.11946",0.26829,-1.8981
"376.29379",0.26847,-1.8972
"257.06713",3.7216,1.8959
"481.18811",3.7156,1.8936
"133.04936",3.7127,1.8925
"114.93279",3.7058,1.8898
"117.92743",3.7012,1.888
"277.09328",0.27091,-1.8841
"447.31176",3.6895,1.8834
"330.16783",0.27107,-1.8833
"379.24941",0.27107,-1.8832
"329.23346",0.27131,-1.882
"314.14882",0.27133,-1.8819
"374.27847",0.27175,-1.8797
"524.30017",0.27174,-1.8797
"513.2528",3.6785,1.8791
"380.18284",0.27187,-1.879
"118.92134",3.678,1.8789
"316.25748",0.27191,-1.8788
"419.28081",0.27216,-1.8775
"555.29973",3.6737,1.8772
"623.52568",0.27262,-1.875
"361.16632",0.27266,-1.8748
"181.04969",3.6657,1.8741
"617.51119",0.27286,-1.8738
"515.26828",3.6619,1.8726
"385.23902",0.27315,-1.8722
"453.2977",0.27361,-1.8698
"561.48877",3.6532,1.8692
"436.28368",3.6457,1.8662
"146.9958",3.6443,1.8656
"605.2977",3.6422,1.8648
"183.12432",0.27466,-1.8643
"189.03976",3.6392,1.8636
"199.16972",0.27497,-1.8627
"361.08226",3.6363,1.8625
"383.14165",3.6286,1.8594
"366.23469",0.27561,-1.8593
"348.22386",3.6253,1.8581
"112.9845",3.6253,1.8581
"296.01555",3.6238,1.8575
"457.24278",0.27601,-1.8572
"527.30527",0.27615,-1.8565
"315.25455",0.27671,-1.8536
"553.32073",3.6119,1.8527
"551.3234",3.6113,1.8525
"407.29163",3.6065,1.8506
"200.1729",0.27739,-1.85
"406.26857",0.27755,-1.8492
"335.14576",3.6028,1.8491
"730.56369",0.2777,-1.8484
"363.25228",3.5979,1.8471
"313.20258",0.27809,-1.8464
"368.19205",0.27839,-1.8448
"199.09702",0.27839,-1.8448
"215.12844",0.27853,-1.8441
"413.19276",3.5894,1.8437
"579.44023",3.5872,1.8429
"272.23134",0.27883,-1.8426
"517.26106",0.27898,-1.8418
"225.1128",3.5833,1.8413
"433.24933",0.27984,-1.8373
"251.20168",3.571,1.8363
"253.14471",0.28008,-1.8361
"116.92735920",3.5698,1.8358
"677.44567",3.5676,1.835
"631.52671",0.28048,-1.834
"408.28409",0.28088,-1.832
"461.0038",0.28096,-1.8315
"187.03512",0.28103,-1.8312
"219.05064",3.5564,1.8304
"666.49591",3.555,1.8298
"214.07053",0.2817,-1.8278
"543.26424",0.28184,-1.827
"87.00733",3.548,1.827
"256.05933",3.5461,1.8262
"397.18718",0.28223,-1.825
"467.31481",0.28247,-1.8238
"311.16216",3.5377,1.8228
"339.20742",3.523,1.8168
"665.57279",3.5213,1.8161
"364.21119",3.5162,1.814
"420.23004",0.28443,-1.8139
"548.31519",3.51,1.8115
"529.30145",3.5097,1.8114
"574.45547",3.5095,1.8113
"342.2403",0.28514,-1.8102
"487.3202",0.28599,-1.806
"476.34675",0.28619,-1.805
"310.92788",3.491,1.8036
"138.05496",3.4897,1.8031
"395.2442",0.28699,-1.8009
"199.06069",3.4814,1.7997
"530.91345",3.4802,1.7992
"612.51909",3.4799,1.7991
"298.24688",3.4757,1.7973
"367.3584",3.4753,1.7971
"317.13035",0.28779,-1.7969
"527.29959",0.288,-1.7959
"222.99162",3.4719,1.7957
"780.55107",0.28828,-1.7945
"306.15459",3.4653,1.793
"482.35709",3.4634,1.7922
"641.35598",3.4629,1.792
"297.28022",3.4574,1.7897
"283.1552",3.4549,1.7887
"779.54792",0.28944,-1.7886
"681.48679",3.4548,1.7886
"475.34341",0.28958,-1.788
"373.16368",3.4496,1.7864
"311.22324",0.28994,-1.7862
"539.26059",0.2903,-1.7844
"431.30945",3.4429,1.7836
"488.24055",3.4429,1.7836
"635.45339",3.4402,1.7825
"418.34126",0.29082,-1.7818
"308.2679",3.437,1.7812
"288.93676",3.4343,1.78
"345.22879",0.29125,-1.7797
"485.32529",0.29133,-1.7793
"461.2781",3.4306,1.7785
"471.25027",0.29167,-1.7776
"413.30659",3.4279,1.7773
"85.02804",3.426,1.7765
"341.26945",0.29203,-1.7758
"407.32833",3.4204,1.7742
"327.21811",0.2924,-1.774
"244.12701",0.29266,-1.7727
"427.31813",3.4049,1.7676
"290.93423",3.4045,1.7674
"392.26602",0.29387,-1.7667
"413.20048",3.4019,1.7663
"212.05615",3.3995,1.7653
"537.48893",3.3972,1.7643
"448.31531",3.3938,1.7629
"581.47815",0.29475,-1.7625
"194.90513",0.29486,-1.7619
"261.11916",0.29485,-1.7619
"495.33331",3.3905,1.7615
"483.26961",3.3904,1.7614
"435.27575",3.3894,1.761
"632.52999",0.29513,-1.7606
"783.57897",0.29514,-1.7605
"258.13236",0.29524,-1.76
"215.03227",3.3848,1.7591
"391.19928",0.29624,-1.7552
"405.26516488",0.2963,-1.7549
"271.22817",0.29632,-1.7548
"306.15453",3.374,1.7545
"497.34076",0.2964,-1.7544
"438.28907",3.3719,1.7536
"225.18571",3.3658,1.751
"483.30549",0.29718,-1.7506
"393.25926",0.29734,-1.7498
"345.17114",3.3614,1.749
"314.24213",3.3572,1.7473
"264.08643",0.29801,-1.7466
"209.1542",3.3541,1.7459
"106.04112",0.29821,-1.7456
"393.27648",3.3518,1.7449
"631.52694",0.29836,-1.7449
"286.17766",0.29843,-1.7445
"115.00257",3.3483,1.7434
"277.21759",0.29867,-1.7434
"107.04894",0.29878,-1.7428
"811.67788",3.3457,1.7423
"417.26492",0.29897,-1.7419
"332.18324",0.29925,-1.7406
"269.21218",3.3405,1.7401
"402.91732",3.3404,1.74
"166.0975",3.3387,1.7393
"233.09303",0.29978,-1.738
"187.08426",0.29996,-1.7372
"448.3155",0.30064,-1.7339
"381.21072",0.30083,-1.733
"607.31412",0.30092,-1.7325
"615.31649",0.30097,-1.7323
"501.35918",0.30101,-1.7321
"301.23855",3.3112,1.7273
"405.26463572",3.3057,1.725
"243.08102",3.3038,1.7241
"569.27328",3.3034,1.724
"107.04889",3.3031,1.7238
"485.222",3.3017,1.7232
"447.31191",0.303,-1.7226
"480.32344",0.30318,-1.7218
"186.02244",3.2978,1.7215
"478.29431",3.2939,1.7198
"465.29817",0.30394,-1.7181
"516.89763",3.2889,1.7176
"803.54498",0.30405,-1.7176
"146.04483",3.285,1.7159
"419.18665",0.30506,-1.7128
"297.0983",0.30517,-1.7123
"368.24973",3.274,1.711
"391.26248",0.30569,-1.7099
"441.30119",0.30572,-1.7097
"487.34322",0.30581,-1.7093
"437.28682",3.2695,1.7091
"533.45525",3.2685,1.7086
"431.31683",0.30604,-1.7082
"347.24447",0.30633,-1.7069
"151.02522",3.2631,1.7062
"490.25553",3.2589,1.7044
"555.31091",3.2565,1.7033
"500.31301",3.2555,1.7029
"421.29649",0.30716,-1.7029
"117.92742",3.2543,1.7023
"182.0816",3.2532,1.7019
"484.28876",3.2517,1.7012
"461.29135",3.2495,1.7002
"300.13549",3.2482,1.6996
"427.21988",3.2479,1.6995
"471.34834",0.30836,-1.6973
"713.60978",0.30848,-1.6968
"493.34665",3.2413,1.6966
"242.04351",0.30857,-1.6963
"297.18893",0.30867,-1.6958
"420.28423",0.3088,-1.6953
"216.0333",3.2347,1.6936
"487.32018",3.2311,1.692
"243.08477",3.2308,1.6919
"315.13561",3.23,1.6915
"785.58499",0.30979,-1.6906
"167.0341",3.2265,1.69
"256.23506",3.2242,1.6889
"287.06738",3.2206,1.6873
"293.17604",0.31074,-1.6862
"205.03466",3.2168,1.6856
"465.32225",3.2135,1.6842
"355.30478",3.2134,1.6841
"466.32542",3.2132,1.684
"429.28123",3.2125,1.6837
"534.45862",3.2116,1.6833
"777.53229",0.31146,-1.6829
"357.19959",0.31151,-1.6826
"446.2917",3.2086,1.6819
"250.14485",3.2043,1.68
"472.35177",0.31218,-1.6796
"130.06514",0.3123,-1.679
"243.12388",0.31267,-1.6773
"150.04122",3.1936,1.6752
"273.12466",3.1801,1.6691
"302.15132",3.1798,1.6689
"525.3255",3.1727,1.6657
"242.94364",3.1659,1.6626
"226.96577",3.1657,1.6625
"270.0479",0.31617,-1.6612
"482.29507",3.1604,1.6601
"506.34798",3.1596,1.6597
"255.23313",0.31684,-1.6582
"311.22323",0.31691,-1.6579
"482.26587",3.1463,1.6536
"213.14916",0.31814,-1.6523
"723.40262",0.31837,-1.6512
"384.15697",3.1401,1.6508
"371.19034",0.31855,-1.6504
"377.27282",3.1363,1.6491
"159.06533",0.31885,-1.649
"395.12019",3.135,1.6485
"134.8936",0.31899,-1.6484
"671.52637",0.31902,-1.6483
"318.1543",3.1333,1.6477
"316.15314",3.1318,1.647
"611.46768",0.32012,-1.6433
"255.23318",3.1225,1.6427
"321.14612",3.1225,1.6427
"460.26846",0.32051,-1.6416
"316.96802",3.1189,1.641
"557.27362",3.1118,1.6377
"518.25098",3.1109,1.6373
"257.23854",3.1105,1.6372
"152.04231",3.1104,1.6371
"323.22066",3.1101,1.6369
"326.20912",0.32155,-1.6369
"208.96055",3.1093,1.6366
"503.26321",0.32167,-1.6363
"561.14107",0.3224,-1.6331
"322.94178",3.1007,1.6326
"495.3334",0.32251,-1.6326
"284.15882",0.3226,-1.6322
"542.3237",3.0893,1.6273
"113.02322",3.0886,1.6269
"535.30977",3.0885,1.6269
"135.04413",0.32394,-1.6262
"649.44259",3.0839,1.6247
"387.22164",0.32438,-1.6242
"330.23703",0.32452,-1.6236
"394.26262",0.32459,-1.6233
"323.07722",0.32479,-1.6224
"406.26379",3.0737,1.62
"186.03987",0.3254,-1.6197
"292.08066",3.0691,1.6178
"171.10189",0.32619,-1.6162
"598.51336",3.0655,1.6161
"256.083",0.32631,-1.6157
"530.30219",3.0565,1.6119
"324.22416",3.0529,1.6102
"285.18609",0.32803,-1.6081
"477.26221",3.0454,1.6066
"212.05621",0.32932,-1.6025
"390.27354",0.32934,-1.6024
"339.21567",0.32958,-1.6013
"498.29022",3.0342,1.6013
"223.09486",0.32978,-1.6004
"475.34313",0.3298,-1.6003
"152.99477",0.33024,-1.5984
"349.23626",3.0271,1.598
"550.29228",3.027,1.5979
"498.34356",3.0246,1.5967
"685.4642",0.3309,-1.5955
"733.57849",0.33091,-1.5955
"479.32001",0.33125,-1.594
"461.36427",0.33142,-1.5933
"135.93175",0.33142,-1.5932
"305.15118",3.0164,1.5928
"407.28079",3.0162,1.5927
"438.30825",3.0139,1.5916
"259.13216",3.0137,1.5915
"148.04276",3.0115,1.5905
"443.21132",0.33216,-1.5901
"224.09262",0.33242,-1.5889
"210.08221",0.33271,-1.5877
"381.26503",0.333,-1.5864
"389.24697",0.33303,-1.5863
"198.07684",0.33306,-1.5862
"350.23723",0.33335,-1.5849
"240.06436",2.9977,1.5838
"391.28541",2.9975,1.5838
"526.32865",2.9956,1.5828
"157.08606",0.33451,-1.5799
"94.97946",2.9824,1.5765
"365.24674",0.33543,-1.5759
"629.26138",0.33552,-1.5755
"742.60826",0.33632,-1.5721
"297.24343",0.33642,-1.5716
"611.51517",2.9721,1.5715
"203.05041",2.9707,1.5708
"280.23589",0.33674,-1.5703
"632.72856",0.33784,-1.5656
"386.17267",0.33807,-1.5646
"545.38028",2.9571,1.5642
"343.19471",2.9554,1.5634
"127.03899",0.33868,-1.562
"496.28274",0.33903,-1.5605
"682.30022",2.9493,1.5604
"640.5606",2.9483,1.5599
"277.18097",2.9478,1.5597
"416.93285",2.9479,1.5597
"465.2877",0.33922,-1.5597
"527.40873",0.33976,-1.5574
"539.33737",2.94,1.5558
"327.21816",0.34052,-1.5542
"286.17455",2.9348,1.5533
"641.55178",0.34096,-1.5523
"259.18165",0.34138,-1.5506
"525.30558",2.929,1.5504
"345.21085",0.3418,-1.5488
"176.03776",0.34185,-1.5485
"145.08598",0.34196,-1.5481
"479.19914",2.9232,1.5476
"472.35181",0.34217,-1.5472
"477.30504",0.34247,-1.546
"243.09837",0.34306,-1.5435
"417.93433",2.9141,1.543
"681.29672",2.9118,1.5419
"485.02091",0.3437,-1.5408
"356.28088",2.9057,1.5389
"363.17701",2.9053,1.5387
"223.09737",0.34511,-1.5349
"147.06523102",2.8964,1.5342
"309.20507",2.8958,1.534
"398.191",0.34549,-1.5333
"412.34371",2.8938,1.533
"430.94842",2.8937,1.5329
"434.31785",0.34565,-1.5326
"331.19206",2.8908,1.5315
"342.24013",2.8883,1.5302
"309.10778",2.8881,1.5301
"338.23648",0.34645,-1.5293
"241.14456",0.34647,-1.5292
"375.26567",2.8825,1.5273
"282.25221",0.34722,-1.5261
"296.23142",0.34823,-1.5219
"338.31505",0.34832,-1.5215
"209.07904",0.34863,-1.5202
"417.3377",0.34882,-1.5194
"557.45794",0.349,-1.5187
"741.60465",0.3491,-1.5183
"116.92735683",2.8627,1.5174
"254.10359",0.34947,-1.5167
"401.28081",2.8603,1.5162
"481.3169",2.8555,1.5138
"460.27653",2.8528,1.5124
"116.92731381",2.8492,1.5106
"299.00637",2.8486,1.5103
"299.25888",0.35105,-1.5102
"547.34872",0.35128,-1.5093
"611.50754",2.8462,1.5091
"138.02664",2.8462,1.5091
"408.2841",0.35137,-1.509
"428.26534",2.8461,1.509
"214.14439",0.35177,-1.5073
"415.17058",0.3522,-1.5056
"614.33052",2.8352,1.5034
"356.256",2.8338,1.5027
"423.2872",2.8318,1.5017
"361.26003",2.8279,1.4997
"159.06528",0.3537,-1.4994
"347.22643",0.35389,-1.4986
"102.95553",2.8207,1.4961
"350.10972",2.818,1.4947
"438.2945",0.35537,-1.4926
"116.92742",0.35558,-1.4917
"618.51404",0.35581,-1.4908
"271.00419",0.35628,-1.4889
"318.15442",2.8054,1.4882
"367.21072",0.35712,-1.4855
"495.31545",0.35743,-1.4843
"562.49187",2.7971,1.4839
"253.0647",2.797,1.4839
"253.14459",2.7906,1.4806
"130.05784",2.789,1.4797
"405.30133",0.3595,-1.4759
"367.2467",2.7812,1.4757
"411.18518",2.7804,1.4753
"197.07448",0.3602,-1.4731
"465.30501",0.3602,-1.4731
"508.44531",2.7759,1.473
"389.27011",0.36032,-1.4727
"377.23666",2.774,1.472
"461.32781",0.36051,-1.4719
"392.26344",2.7687,1.4692
"391.24376",0.36124,-1.469
"494.33901",0.36163,-1.4674
"589.46947",2.7653,1.4674
"609.18242",0.3617,-1.4671
"447.20648",2.7644,1.467
"365.26996",0.36208,-1.4656
"316.15176",2.761,1.4652
"294.08332",2.7604,1.4649
"572.29246",2.7561,1.4627
"333.22052",0.36303,-1.4618
"321.20751",0.36334,-1.4606
"315.25415",2.7512,1.4601
"141.01582",2.7499,1.4594
"339.00804",2.7498,1.4593
"369.15432",2.7495,1.4592
"413.29142",0.36383,-1.4586
"265.1195",0.36391,-1.4584
"472.19446",2.7474,1.4581
"445.09746",2.7467,1.4577
"372.29109",0.3641,-1.4576
"413.26407",0.36435,-1.4566
"612.51073",2.742,1.4552
"616.31988",0.36487,-1.4546
"313.21775",0.36497,-1.4541
"123.04404647",2.7393,1.4538
"317.15106",2.7338,1.4509
"632.31817",2.7325,1.4502
"137.02337",2.7307,1.4493
"507.44205",2.7276,1.4476
"212.0746",2.7217,1.4445
"481.35345",2.7194,1.4433
"317.15102",2.7195,1.4433
"323.14232",0.36776,-1.4432
"491.32039",0.36777,-1.4431
"509.35967",2.7179,1.4425
"329.10355",0.36827,-1.4412
"266.08905",2.7151,1.441
"329.25297",0.36847,-1.4404
"267.23321",0.3686,-1.4399
"241.21679",0.36883,-1.439
"377.28142",2.7107,1.4387
"411.26749",0.36894,-1.4386
"511.29184",0.36906,-1.4381
"331.24915",2.7092,1.4378
"272.23124",2.7081,1.4373
"298.24536",0.36939,-1.4368
"243.19649",0.36942,-1.4367
"385.14909",0.36952,-1.4363
"448.20941",2.706,1.4361
"609.39313",2.7002,1.433
"337.31174",0.37041,-1.4328
"332.93431",2.6997,1.4328
"101.0231",2.6982,1.432
"614.32378",2.6977,1.4317
"597.50998",2.6959,1.4308
"363.21573",2.6929,1.4291
"311.1691",0.3715,-1.4286
"256.15575",2.6895,1.4273
"801.5455",0.3722,-1.4258
"782.56662",0.37239,-1.4251
"802.54896",0.37243,-1.4249
"183.1383",0.37255,-1.4245
"412.27071",0.37276,-1.4237
"536.31361",0.37289,-1.4232
"199.06041",2.6816,1.4231
"368.21417",0.37318,-1.4221
"303.23326",2.6794,1.4219
"366.16746",0.37331,-1.4215
"377.07952",2.6783,1.4213
"615.49514",2.674,1.419
"234.08988",0.37407,-1.4186
"827.64184",2.6733,1.4186
"289.16586",0.3743,-1.4177
"116.92734429",2.6689,1.4162
"613.32046",2.6678,1.4156
"556.446",2.6665,1.4149
"508.35602",2.6625,1.4128
"383.08196",2.658,1.4103
"433.29631",0.37661,-1.4088
"394.29648",2.6539,1.4081
"257.21237",0.37698,-1.4075
"428.87382",0.37739,-1.4059
"110.89778",0.378,-1.4035
"316.25731",2.6444,1.4029
"391.28586",0.37826,-1.4026
"337.23332",0.37836,-1.4022
"653.49186",2.6426,1.4019
"149.09611",0.37892,-1.4
"248.07772",0.38008,-1.3956
"512.31342",0.38047,-1.3942
"419.18074",0.38057,-1.3938
"355.27514",0.38062,-1.3936
"405.26503",2.6236,1.3915
"537.32567",0.38125,-1.3912
"244.08273",0.38171,-1.3895
"277.15611",0.38169,-1.3895
"336.23957",0.38201,-1.3883
"691.50734",2.6169,1.3878
"297.24448",0.38214,-1.3878
"759.61518",0.38237,-1.3869
"478.30827",0.38267,-1.3858
"397.1505",2.6128,1.3856
"414.26803",0.38277,-1.3855
"337.23654653",2.6103,1.3842
"234.11351",2.61,1.384
"639.55732",2.6085,1.3832
"343.28553",0.38402,-1.3808
"465.30457",2.6006,1.3789
"513.33584",0.38457,-1.3787
"305.15083",2.6002,1.3786
"158.0449",0.38493,-1.3773
"275.14443",2.5976,1.3772
"280.02064",2.5974,1.377
"465.30502",0.38519,-1.3764
"333.13301",0.38537,-1.3757
"359.27083",2.5948,1.3756
"268.2365",0.38542,-1.3755
"285.24369",2.594,1.3752
"109.02822",2.5871,1.3713
"345.21088",0.38656,-1.3712
"382.22142",0.38663,-1.371
"754.59765",0.38703,-1.3695
"581.51525",0.38704,-1.3694
"267.2326",0.38737,-1.3682
"753.59464",0.3875,-1.3677
"465.3046",0.38774,-1.3668
"317.17606",0.38835,-1.3646
"752.59188",0.38835,-1.3646
"451.27051",2.5746,1.3644
"461.268",0.38839,-1.3644
"318.17941",0.38858,-1.3637
"417.17591",2.5733,1.3636
"224.06161",2.5708,1.3622
"297.24398",0.389,-1.3621
"301.17625",0.38927,-1.3611
"328.2496",0.38932,-1.361
"175.02411",2.5686,1.361
"317.13994",2.5643,1.3586
"538.32932",0.39013,-1.358
"227.12871",0.39025,-1.3575
"109.00305",2.5625,1.3575
"467.20919",2.5613,1.3569
"400.27823",2.5591,1.3556
"395.24438",0.39086,-1.3553
"751.58958",0.39116,-1.3542
"245.09339",2.5556,1.3537
"550.31541",2.5534,1.3524
"214.18883",0.39171,-1.3521
"624.33076",2.5517,1.3514
"327.21823",0.39225,-1.3502
"500.31316",2.5475,1.3491
"841.55853",0.39426,-1.3428
"429.21201",0.3948,-1.3408
"565.32268",2.5298,1.339
"143.03377",2.5296,1.3389
"134.04613",0.39606,-1.3362
"472.2707",0.39631,-1.3353
"380.21646",0.39663,-1.3341
"359.1145",0.39675,-1.3337
"160.03945",2.5184,1.3325
"558.27634",2.5176,1.332
"361.16409",0.39757,-1.3307
"282.25186",0.39764,-1.3304
"188.05576",2.5141,1.3301
"466.30525",2.5123,1.329
"199.13342",0.39914,-1.325
"188.07102",2.5044,1.3244
"357.21464",0.39958,-1.3234
"294.21598",0.39962,-1.3233
"225.11278",2.5023,1.3233
"215.13976",0.39997,-1.322
"423.27186",2.5,1.3219
"560.47915",2.4981,1.3208
"381.15569",2.4979,1.3207
"541.32058",2.4955,1.3193
"293.07993",2.4939,1.3184
"194.90501",2.4916,1.3171
"597.51016",0.40166,-1.316
"347.22051",2.4854,1.3135
"593.35948",2.4847,1.3131
"239.05605",0.4025,-1.3129
"433.3324",0.40297,-1.3113
"117.92746",2.4794,1.31
"817.54318",2.4784,1.3094
"255.0513",0.40352,-1.3093
"356.26814",0.40362,-1.3089
"637.52272",2.4775,1.3089
"355.20276",2.4762,1.3082
"116.92738396",0.40403,-1.3075
"328.24978",0.4042,-1.3068
"653.49156",2.4702,1.3046
"335.236",0.40512,-1.3036
"399.18526",0.40511,-1.3036
"279.09323",2.4681,1.3034
"465.23194",2.4681,1.3034
"424.29085",2.4679,1.3033
"356.28099",2.462,1.2998
"399.27546",2.4616,1.2996
"496.27392",2.4614,1.2995
"495.31523",0.4065,-1.2987
"239.20162",0.40663,-1.2982
"351.21837",2.4592,1.2982
"187.13314",0.40687,-1.2974
"473.28796",0.40714,-1.2964
"273.17129",0.40763,-1.2947
"323.18994",2.4525,1.2943
"308.11986",2.4515,1.2937
"353.23384",0.40797,-1.2935
"142.03215",2.449,1.2922
"599.52557",0.40836,-1.2921
"243.19645",0.40841,-1.2919
"327.25454",0.40903,-1.2897
"273.23413",2.444,1.2893
"116.92735",2.4441,1.2893
"364.18857",0.40947,-1.2882
"201.10567",0.40962,-1.2876
"125.00941",2.4361,1.2846
"457.36898",0.41053,-1.2845
"277.0931",2.433,1.2828
"138.05494",2.4318,1.282
"339.21553",0.41148,-1.2811
"600.52894",0.41162,-1.2806
"293.21258",0.41173,-1.2802
"296.26773",2.4275,1.2795
"193.08614",0.41199,-1.2793
"439.29681",2.4226,1.2766
"427.30454",2.4198,1.2749
"323.09906",2.4185,1.2741
"265.09314",2.418,1.2738
"303.1564",2.418,1.2738
"501.20609",2.4167,1.273
"433.2574",0.41398,-1.2724
"230.14761",0.41423,-1.2715
"573.45236",2.4133,1.271
"541.32108",0.41443,-1.2708
"383.24197",0.4145,-1.2706
"495.27904",0.41495,-1.269
"395.27474",2.4081,1.2679
"435.08139",2.4077,1.2677
"327.25439",2.4047,1.2658
"116.92733742",2.4044,1.2657
"193.04994",2.4042,1.2656
"355.2646",0.41612,-1.2649
"587.50716",2.402,1.2642
"251.0727",2.401,1.2637
"213.07797",2.3999,1.263
"477.25626",2.3997,1.2628
"601.53199",0.41723,-1.2611
"498.29812",0.4174,-1.2605
"385.20596",0.41747,-1.2602
"432.3117",0.41761,-1.2598
"297.15339",0.41782,-1.259
"588.51027",2.3885,1.2561
"173.04485",0.41874,-1.2559
"138.01865",2.3871,1.2553
"225.06131",2.387,1.2552
"423.22737",2.3864,1.2548
"429.25851",0.41927,-1.2541
"653.51359",0.41955,-1.2531
"639.55728",0.41968,-1.2526
"259.11981",0.41973,-1.2525
"326.18822",0.41993,-1.2518
"321.24382678",0.41993,-1.2518
"370.23907",0.42001,-1.2515
"116.92733331",2.3795,1.2507
"71.01242",2.379,1.2503
"308.09931",2.3778,1.2496
"194.08935",0.42064,-1.2493
"573.48618",2.3752,1.248
"469.31132",0.42144,-1.2466
"185.10054",0.42165,-1.2459
"299.24932",0.42169,-1.2458
"541.32091",0.42169,-1.2458
"397.33271",0.42182,-1.2453
"281.13968",0.42268,-1.2424
"145.04963",0.42266,-1.2424
"330.17951",0.42444,-1.2364
"175.07556",0.42463,-1.2357
"309.20746",0.42489,-1.2348
"241.14445",2.3532,1.2346
"584.32084",0.425,-1.2345
"510.23711",0.4251,-1.2341
"262.16441",2.3521,1.2339
"411.21567",0.42555,-1.2326
"358.19902",0.42566,-1.2322
"314.20923",0.42589,-1.2315
"447.31188",0.426,-1.2311
"375.21798",0.42624,-1.2303
"362.28344",2.3455,1.2299
"378.20377",2.344,1.229
"391.28889",2.3421,1.2278
"116.92734867",2.3417,1.2275
"315.12419",0.42744,-1.2262
"383.32815",2.3391,1.226
"634.3336",2.3365,1.2244
"546.31795",0.42812,-1.2239
"428.26562",0.42837,-1.2231
"305.13552",2.3277,1.2189
"441.26281",0.42994,-1.2178
"215.08239",0.43091,-1.2146
"522.35849",0.43165,-1.2121
"480.29988",2.3163,1.2118
"257.12945",0.43201,-1.2109
"524.34393",0.43208,-1.2106
"455.35353",0.43279,-1.2082
"594.33743",0.43287,-1.208
"360.27439",2.31,1.2079
"279.08588",2.3098,1.2078
"443.27825",0.43303,-1.2075
"457.3598",0.43312,-1.2071
"433.3322",0.43314,-1.2071
"116.9273110",2.3085,1.2069
"513.31152",0.43327,-1.2066
"368.31731",2.3059,1.2054
"391.10711",2.306,1.2054
"179.03747",0.43397,-1.2043
"491.25913",2.301,1.2023
"383.0892",2.3008,1.2021
"523.34086",0.43473,-1.2018
"507.27289",2.2973,1.2
"272.1619",0.43557,-1.199
"298.88077",0.43571,-1.1986
"390.25023",0.43577,-1.1984
"237.11313",0.43595,-1.1978
"318.14962",2.2916,1.1963
"471.26742",0.43697,-1.1944
"369.30162",0.4371,-1.194
"496.31031",2.2875,1.1938
"457.25748",2.2852,1.1923
"126.01845",2.2845,1.1919
"580.36174",2.2821,1.1904
"259.05951",2.2821,1.1903
"642.5237",2.2812,1.1898
"116.92735307",2.2796,1.1888
"312.17264",0.43868,-1.1887
"544.44276",2.279,1.1884
"816.54014",2.2775,1.1875
"180.03268",2.2771,1.1872
"511.26532",0.43927,-1.1868
"363.25217",2.2757,1.1863
"427.26215",0.43964,-1.1856
"450.26315",2.2742,1.1854
"233.15448",2.273,1.1846
"576.472",0.44023,-1.1837
"273.06223",2.27,1.1827
"505.35394",0.44106,-1.1809
"327.29068",0.44109,-1.1808
"495.31451",0.44138,-1.1799
"300.19322",2.2654,1.1797
"456.35695",0.44175,-1.1787
"129.05456",2.263,1.1782
"201.11268",0.44209,-1.1776
"233.0854",2.2599,1.1763
"482.23015",2.2589,1.1756
"434.336",0.44333,-1.1735
"429.29743",2.2545,1.1728
"569.51505",2.2543,1.1727
"293.08847",0.44378,-1.1721
"325.18482",2.2527,1.1716
"390.27342",0.44399,-1.1714
"121.06477",2.2519,1.1712
"559.47563",2.2514,1.1708
"429.25257",2.2497,1.1698
"739.62533",0.44448,-1.1698
"614.52616",2.2486,1.169
"271.22828",2.2482,1.1688
"107.049",0.44487,-1.1685
"364.28069",2.246,1.1674
"391.2496",0.44551,-1.1665
"263.09726",0.44595,-1.165
"507.28382",2.2422,1.1649
"381.30903",2.2419,1.1647
"258.17918",0.44624,-1.1641
"479.33757",0.44654,-1.1631
"570.51843",2.2392,1.163
"363.14561",0.447,-1.1617
"565.37634",0.44703,-1.1615
"268.12734",0.44726,-1.1608
"337.23882",0.44763,-1.1596
"451.33333",0.44848,-1.1569
"639.3303",0.4487,-1.1562
"317.15085",2.2276,1.1555
"131.98335",2.2271,1.1552
"116.92738661",2.226,1.1545
"396.34868",2.2246,1.1536
"135.03011",0.44981,-1.1526
"482.29023",2.2204,1.1508
"228.02757",2.2176,1.149
"328.22149",0.45102,-1.1487
"272.23105",2.2128,1.1459
"296.19256",2.2095,1.1437
"327.21813",0.45314,-1.142
"472.28156",0.45361,-1.1405
"136.07571",0.45439,-1.138
"484.3366",0.45444,-1.1379
"319.24129",2.2003,1.1377
"207.03838",2.1994,1.1371
"513.31583",2.1991,1.1369
"275.20199",2.1989,1.1368
"430.30023",2.1968,1.1354
"346.23175",0.45526,-1.1352
"495.33333",0.4562,-1.1323
"342.10064",0.45632,-1.1319
"465.30501702",0.4565,-1.1313
"116.92735599",2.1905,1.1313
"272.23134359",2.1876,1.1293
"225.18564",2.1842,1.1271
"250.09324",2.1826,1.126
"410.23167",2.182,1.1257
"461.28791",2.1811,1.125
"271.22812",2.18,1.1243
"582.48194",0.45953,-1.1218
"321.14999",2.1746,1.1207
"399.1846",0.46015,-1.1198
"307.12383",2.1729,1.1196
"829.62074",2.1729,1.1196
"236.09603",2.1724,1.1193
"279.01898",0.46045,-1.1189
"487.27334",2.1718,1.1189
"327.06658",0.4609,-1.1175
"484.24583",2.1671,1.1157
"593.47907",0.46176,-1.1148
"253.09319",2.1648,1.1142
"333.09587",2.1646,1.1141
"182.01982",2.1643,1.1139
"231.13455",0.46205,-1.1139
"346.20842",2.1629,1.113
"329.17625",0.46269,-1.1119
"116.92736426",2.1605,1.1113
"450.31369",2.16,1.111
"490.35396",0.46348,-1.1094
"387.18923",0.4637,-1.1087
"481.29942",0.46378,-1.1085
"417.33789",0.46407,-1.1076
"116.92737741",2.1501,1.1044
"211.07199",0.46515,-1.1042
"342.26538",2.1496,1.104
"294.11984",2.1486,1.1034
"347.25908",0.46541,-1.1034
"239.12889",2.1475,1.1026
"218.103",0.46572,-1.1025
"265.10595",0.46585,-1.1021
"345.20515",2.1454,1.1012
"268.16133",2.1451,1.1011
"565.33419",2.1451,1.1011
"169.0497",0.4663,-1.1007
"293.17612",2.1442,1.1004
"337.09377",2.1438,1.1002
"522.32638",2.142,1.099
"264.12422",2.1419,1.0989
"161.04457",2.1396,1.0973
"273.20764",2.1384,1.0965
"566.33671",2.1384,1.0965
"576.47206",2.1381,1.0963
"246.96148",2.1364,1.0952
"523.27358",2.1348,1.0941
"200.04047",2.1341,1.0937
"393.32098",2.1303,1.0911
"390.24027",2.1303,1.091
"330.20381",2.1283,1.0897
"99.9244",2.1281,1.0896
"465.30528",0.46999,-1.0893
"463.34359",0.47027,-1.0884
"229.11897",2.1241,1.0869
"331.20741",2.1238,1.0866
"645.41062",2.1235,1.0864
"506.31194",0.47114,-1.0858
"450.33088",0.4717,-1.0841
"497.29485",0.47205,-1.083
"168.02694",2.1182,1.0828
"267.15798",2.1174,1.0823
"332.1242",0.47233,-1.0821
"206.08179",2.1159,1.0813
"568.35167",2.116,1.0813
"425.24656",0.47264,-1.0812
"629.51121",0.4728,-1.0807
"253.05066",2.1149,1.0806
"774.57413",0.47308,-1.0798
"541.32017",2.1131,1.0793
"255.0887",0.4733,-1.0792
"135.04406",2.1114,1.0782
"371.11681",2.11,1.0772
"585.48644",2.1095,1.0769
"330.10703",0.47426,-1.0762
"159.06519",0.47437,-1.0759
"307.19539",0.47469,-1.0749
"165.0548",2.1062,1.0746
"378.29959",0.4749,-1.0743
"229.08674",2.1053,1.074
"354.26517",2.1005,1.0707
"343.21278",0.47661,-1.0691
"225.10456",2.098,1.069
"257.17582",0.47676,-1.0687
"551.30447",2.0961,1.0677
"329.07676",2.0953,1.0672
"460.26843",0.47783,-1.0654
"334.15279",0.4783,-1.064
"457.08077",0.47832,-1.064
"526.32932",0.47862,-1.063
"191.07069",0.47867,-1.0629
"773.57077",0.47881,-1.0625
"488.27687",2.0878,1.062
"543.43924",2.0864,1.061
"258.10144",0.47996,-1.059
"463.22043",0.48005,-1.0588
"461.25542",2.0819,1.0579
"174.95534",2.0807,1.0571
"263.12917",2.0805,1.0569
"558.46138",0.48107,-1.0557
"242.06719",0.48156,-1.0542
"110.02351",2.0764,1.0541
"383.33671",2.0757,1.0536
"125.03453",0.48201,-1.0529
"405.29177",0.48205,-1.0528
"217.07156",0.48241,-1.0517
"521.26919",0.48241,-1.0517
"451.27059",0.48245,-1.0515
"343.26885",0.48279,-1.0505
"564.33092",2.0699,1.0496
"295.18922",2.0689,1.0489
"567.34968",2.0682,1.0484
"137.02327",2.0669,1.0475
"267.06933",2.0663,1.0471
"527.26016",2.0653,1.0464
"287.15003",0.48445,-1.0456
"388.3073",2.0642,1.0456
"166.04991",2.0637,1.0452
"415.17993",0.48487,-1.0443
"392.31747",2.062,1.0441
"329.17597",0.48537,-1.0428
"449.3277",0.48547,-1.0426
"340.22457",0.48544,-1.0426
"293.12445",0.48559,-1.0422
"629.51855",0.48566,-1.042
"460.35183",0.48575,-1.0417
"287.05636",2.0584,1.0415
"275.15067",0.48641,-1.0397
"507.36923",0.48651,-1.0395
"803.54024",0.48655,-1.0393
"248.00252",2.0553,1.0393
"442.26626",0.48666,-1.039
"327.21819",0.48679,-1.0386
"215.12854",0.48701,-1.038
"475.21581",0.48794,-1.0352
"478.18073",0.4881,-1.0348
"444.2818",0.48813,-1.0347
"454.23551",2.0481,1.0343
"394.28094",2.047,1.0335
"116.92737",2.0447,1.0319
"566.34648",2.0443,1.0316
"416.28796",0.48957,-1.0304
"449.25577",0.4897,-1.03
"414.20387",2.041,1.0293
"143.07034",2.0394,1.0281
"295.11235",2.036,1.0258
"235.07885",2.0357,1.0255
"523.23733",0.49165,-1.0243
"345.2287",2.0335,1.0239
"453.2862",2.0324,1.0232
"289.09332",2.0319,1.0228
"521.33041",2.03,1.0215
"609.4922",2.0296,1.0212
"713.60948",0.49278,-1.021
"400.18712",0.49317,-1.0198
"255.23308",0.49454,-1.0158
"167.06131",2.021,1.0151
"267.12404",0.4949,-1.0148
"445.33288",0.49533,-1.0136
"547.38691",0.49534,-1.0135
"415.25508",2.018,1.0129
"483.24248",2.0161,1.0116
"497.27675",2.0127,1.0092
"172.02188",0.49695,-1.0088
"273.17077",0.49699,-1.0087
"511.2737",0.49699,-1.0087
"265.00335",0.49711,-1.0084
"275.18658",2.0105,1.0076
"594.48258",0.49789,-1.0061
"415.28186",2.0035,1.0025
"635.43194",2.0023,1.0017
"711.53675",0.49955,-1.0013
"613.52306",2.0015,1.0011
"190.0519",2.001,1.0007
"93.03314",0.49994,-1.0002
"116.92735993",2.0001,1.0001
