"","Overall"
"317.09611",100
"369.02882",98.068
"232.5605",96.446
"285.11368",92.871
"526.28265",91.883
"164.83525",91.7
"286.11693",90.544
"383.0443",90.2
"241.12339",89.726
"330.10685",88.193
"609.48794",87.987
"369.02874",87.982
"594.33737",87.752
"468.32186",87.575
"344.23131",87.399
"476.27833",86.715
"370.03223",85.445
"160.84124",84.29
"162.83818",83.852
"524.16582",83.742
"577.37435",83.704
"467.31324",83.239
"617.33199",83.102
"816.5715",82.717
"303.19685",82.609
"391.14937",82.361
"365.14295",82.016
"386.13606",81.841
"477.28162",81.499
"272.04919",81.432
"345.24415",81.355
"419.07319",81.056
"197.80747",80.937
"354.10421",80.906
"541.14559",80.779
"301.14496",80.779
"635.30929",80.391
"265.11289",80.37
"609.47897",80.175
"595.23399",80.169
"593.36861",79.711
"352.08895",79.43
"611.28455",79.211
"385.06034",79.107
"516.34558",78.986
"472.24592",78.979
"195.81042",78.979
"437.12496",78.825
"636.31257",78.698
"245.04869",78.563
"245.56465",78.549
"595.34024",78.502
"195.81048",78.404
"455.31684",78.206
"637.32455",78.172
"351.06412",78.105
"199.80453",77.736
"413.05614",77.69
"479.26553",77.465
"144.06953",77.246
"351.08561",77.243
"405.17369",77.236
"508.31867",77.166
"359.2236",77.078
"638.36457",76.89
"424.22752",76.73
"391.13745",76.67
"837.54997207",76.42
"787.39743",76.262
"610.33297",76.02
"116.92739",76.006
"361.18581",75.832
"414.16706",75.787
"141.86707",75.547
"160.84126",75.475
"724.37248",75.365
"656.33085",75.322
"547.32951",75.318
"242.12677",75.317
"615.31659",75.291
"424.89396",74.868
"610.33302",74.776
"785.58351",74.473
"493.24517",74.374
"774.4457",74.329
"593.33498",74.27
"387.22147",74.175
"727.4024",73.917
"465.28589",73.73
"651.29352",73.692
"367.18792",73.659
"608.47612",73.619
"317.04808",73.596
"400.15131",73.565
"815.5684",73.561
"612.2878",73.263
"817.57432",73.262
"593.32472",73.236
"385.16923",72.916
"302.14849",72.903
"277.12285827",72.484
"333.17114",72.469
"818.5773",72.286
"775.44607",72.229
"305.14303",72.214
"508.32769",72.065
"629.31106",72.064
"491.22956",72.037
"609.32972",71.917
"250.01367",71.816
"314.1118",71.473
"239.99699",71.367
"817.57438",71.35
"838.55322",71.344
"162.83824",71.246
"540.36668",71.232
"609.32976",71.13
"612.50788",71.076
"699.24286",70.766
"141.86703",70.611
"531.25796",70.575
"839.55667",70.493
"791.02288",70.399
"262.1644366",70.301
"226.02706",70.27
"446.1519",69.897
"355.06372",69.661
"540.31659",69.576
"293.10081",69.575
"536.3233",69.569
"423.34851",69.518
"321.18228",69.508
"444.10637",69.476
"507.31524",69.286
"538.32066",69.226
"322.18587",69.089
"469.38948",69.038
"369.12578",69.004
"385.06779",68.895
"197.80749",68.858
"382.09174",68.829
"263.09056",68.722
"837.54997",68.449
"230.01261",68.343
"275.1768",68.259
"335.09074",68.243
"797.01452",68.201
"428.18265",68.015
"306.19082",67.969
"427.23167",67.964
"175.05531",67.898
"776.44943",67.893
"585.34281",67.892
"621.4001",67.814
"367.01352",67.641
"807.56613",67.626
"180.04234",67.609
"612.3488",67.578
"638.32784",67.513
"596.34255",67.307
"833.51912",67.294
"631.32707",67.084
"521.32337",67.07
"194.04852",67.058
"488.31464",67
"518.36116",66.859
"376.1043",66.77
"480.26709",66.663
"625.27954",66.663
"816.57141",66.631
"580.19316",66.574
"794.02356",66.563
"701.2399",66.546
"433.28112",66.545
"356.16052",66.488
"279.17168",66.426
"422.13367",66.38
"261.16106",66.38
"232.97519",66.363
"314.05029",66.339
"224.56308",66.332
"838.55337",66.323
"516.24506",66.275
"537.18045",66.099
"472.33581",66.097
"492.23266",66.051
"466.12383",65.962
"431.13841",65.938
"228.03797",65.936
"483.28673",65.914
"484.25565",65.91
"579.19004",65.824
"348.18532",65.796
"439.30271",65.668
"358.10493",65.506
"796.02061",65.466
"360.19346",65.354
"252.57261",65.322
"379.15467",65.242
"793.02004",65.143
"482.27247",65.069
"495.35187",65.068
"331.10016",65.061
"287.16874",64.854
"420.15162",64.851
"329.10364",64.808
"315.13004",64.779
"818.5773113",64.586
"634.48949",64.577
"632.47384",64.531
"371.11681",64.528
"683.30398",64.488
"610.49164",64.457
"637.36112",64.391
"815.569",64.339
"343.21868",64.337
"542.24265",64.317
"351.19316",64.253
"590.30556",64.129
"700.24601",64.092
"699.22434",64.024
"415.14055",64.01
"479.30212",64
"227.03474",63.992
"381.09603",63.959
"569.24728",63.938
"463.37979",63.908
"634.50206",63.901
"298.13795",63.883
"345.10147",63.826
"813.54497",63.701
"364.1601",63.685
"834.52255",63.622
"265.10593",63.553
"418.2635",63.532
"348.16838",63.508
"408.11801",63.462
"839.55657",63.418
"680.27548",63.403
"517.2576",63.309
"287.01947",63.299
"795.01728",63.273
"365.13881",63.2
"378.10224",63.198
"379.18012",63.167
"397.33253",63.128
"392.28848",63.121
"375.0827",63.111
"647.26158",63.075
"355.15834",63.051
"612.34858",62.953
"401.15401",62.928
"621.40016",62.885
"441.35895",62.861
"307.16689",62.713
"319.09551",62.538
"496.35473",62.515
"792.02637",62.492
"520.36407",62.492
"308.17035",62.418
"637.36128",62.398
"424.35187",62.184
"357.17478",62.166
"351.08224",62.126
"593.33532",62.126
"375.21809",62.064
"455.37474",62.055
"505.20847",62.036
"660.34236",61.961
"412.35181",61.937
"490.33027",61.93
"698.23047",61.725
"618.33539",61.693
"491.33352",61.692
"266.11175",61.574
"811.53704",61.529
"437.36399",61.523
"345.23449",61.444
"325.18489",61.299
"543.25503",61.279
"418.16252",61.265
"292.17524",61.225
"321.18234",61.181
"393.24181",61.152
"227.03485",60.929
"232.05902",60.864
"597.3551",60.808
"328.6631",60.802
"467.31975",60.773
"427.2338",60.74
"381.17222",60.655
"372.12043",60.653
"351.19304",60.607
"632.33027",60.54
"491.22925",60.5
"465.2635",60.454
"232.56009",60.449
"334.11771",60.409
"494.24831",60.371
"262.16442",60.37
"797.55808",60.368
"232.05899",60.359
"517.02884",60.355
"446.10326",60.285
"304.20023",60.239
"313.10874",60.219
"360.10949",60.193
"641.1355",60.173
"685.51763",60.134
"360.19355",60.133
"398.33612",60.127
"481.26947",60.064
"839.0257",60.063
"653.37502",60.054
"554.31557",60.025
"353.10088",60.021
"301.25399",60.013
"323.16169",60.001
"435.12764",59.999
"522.2431",59.995
"345.24404",59.969
"828.99683",59.803
"805.55996",59.752
"362.20107",59.706
"798.01777",59.702
"132.86685",59.7
"702.24294",59.664
"563.14051",59.623
"697.22719",59.608
"830.99424",59.589
"655.47336",59.57
"798.56067",59.56
"799.01181",59.556
"535.22286",59.467
"767.36841",59.463
"579.38984",59.358
"389.10379",59.239
"464.27391",59.203
"570.34351",59.142
"297.22271",59.098
"514.98611",58.919
"474.26247",58.896
"598.35753",58.828
"380.25262",58.788
"359.19009",58.783
"658.34582",58.721
"727.41228",58.72
"241.07946",58.678
"809.37594",58.484
"423.16203",58.439
"812.5403",58.434
"478.25337",58.286
"806.56326",58.275
"533.27377",58.227
"364.19676",58.101
"311.17633",58.049
"286.85408",58.008
"411.14842",57.907
"287.1868",57.825
"841.02342",57.812
"321.17249",57.697
"426.36738",57.647
"194.90491",57.612
"396.14467",57.572
"455.29871",57.532
"461.25447",57.456
"786.58637",57.399
"363.19319",57.332
"383.06671",57.331
"445.25366",57.3
"515.22671",57.266
"261.16112",57.245
"399.2291",57.162
"379.10927",57.158
"352.08644",57.137
"695.23009",57.133
"350.08874",57.117
"578.38233",57.111
"436.13128",56.947
"333.24397",56.903
"330.14398",56.891
"565.30423",56.851
"607.3847",56.813
"585.39351",56.797
"377.27157",56.658
"224.0613",56.616
"347.16495",56.505
"475.26742",56.442
"270.6179",56.425
"275.0369",56.375
"109.00301767",56.362
"419.18074",56.358
"344.08938",56.185
"520.32771",55.993
"595.35058",55.914
"799.56387",55.908
"469.38986",55.895
"347.15048",55.833
"527.25098",55.797
"291.17157",55.646
"417.15913",55.577
"435.27503",55.398
"480.2691",55.393
"456.20614",55.313
"559.46325",55.261
"563.21727",55.123
"701.3869",54.983
"451.38002",54.97
"268.63859",54.897
"609.22695",54.849
"432.98131",54.821
"607.47257",54.766
"522.32558",54.62
"470.23014",54.593
"611.36309",54.542
"362.20121",54.542
"435.20049",54.326
"211.03971",54.287
"386.17265",54.279
"425.36438",54.178
"443.23784",54.091
"798.56141",53.878
"361.17958",53.864
"243.03006",53.862
"595.35071",53.847
"677.45508",53.801
"260.01985",53.784
"549.05181",53.773
"382.17605",53.62
"335.16163",53.581
"259.18176",53.58
"395.00756",53.399
"438.3674",53.314
"440.21105",53.307
"490.33118",53.201
"373.20278",53.194
"278.11887",53.099
"445.00676",52.999
"616.31999",52.781
"323.16167",52.69
"319.16686",52.629
"611.34543",52.606
"437.07235",52.6
"470.39295",52.6
"607.38472",52.597
"555.31091",52.515
"396.01092",52.481
"300.03928",52.475
"385.13315",52.472
"328.09133",52.456
"639.13857",52.435
"471.23358",52.429
"357.03829",52.31
"333.27997",52.292
"483.40602",52.283
"588.46707",52.233
"398.00777",52.186
"411.34857",52.16
"422.33661",51.973
"271.22353",51.968
"522.29785",51.895
"232.05893",51.857
"425.36433",51.847
"539.32259",51.816
"299.12933",51.698
"611.38163",51.676
"433.18507",51.641
"371.12268",51.623
"135.04394",51.491
"261.16115",51.484
"431.19036",51.346
"381.21072",51.291
"553.37073",51.242
"458.00333",51.22
"259.18179",51.217
"551.04852",51.174
"445.2401",51.093
"483.31511",51.043
"307.0752",51.013
"610.33247",51.009
"385.16925",51
"195.81044",50.994
"482.2844",50.958
"373.13291",50.944
"389.09187",50.94
"324.16529",50.92
"443.17491",50.905
"538.32932",50.891
"337.17752",50.887
"380.18334",50.863
"446.00993",50.848
"362.20112",50.844
"242.08626",50.841
"431.18316",50.833
"590.30603",50.808
"455.37486",50.738
"355.32205",50.68
"272.19524",50.601
"467.30201",50.504
"813.55264",50.489
"314.09723",50.482
"477.25023",50.432
"538.30292",50.319
"547.05496",50.312
"298.11671",50.303
"611.34524",50.203
"575.46789",50.194
"339.09606",50.156
"528.28151",50.152
"488.27586",50.146
"415.17058",50.132
"525.30515",50.13
"481.26304",50.121
"390.26859",50.121
"324.16524",49.865
"442.25972",49.846
"435.3122",49.828
"673.25624",49.789
"517.23802",49.787
"209.09265",49.725
"799.56461",49.705
"308.17033",49.647
"277.12285",49.646
"363.16954",49.636
"258.10144",49.615
"429.28123",49.581
"377.23376",49.542
"447.00281",49.519
"216.07181",49.484
"311.11633",49.477
"783.57878937",49.458
"336.66126",49.419
"426.36762",49.377
"441.01339",49.348
"380.161",49.334
"797.5581",49.317
"413.1636",49.309
"151.01374",49.224
"251.04578",49.218
"509.00021",49.153
"677.28672",49.106
"675.42979",49.049
"453.3956",49.045
"428.2284",49.024
"465.39514",49.001
"468.25076",48.959
"510.99719",48.955
"589.3037",48.955
"516.27203",48.932
"639.41076",48.903
"633.32363",48.896
"499.26644",48.889
"243.10286",48.875
"400.99783",48.865
"544.37707",48.825
"476.23767",48.801
"455.29159",48.799
"625.32172",48.765
"346.24646",48.755
"522.30742",48.726
"392.22927",48.694
"199.80451",48.525
"423.27265",48.489
"472.24551",48.487
"375.26772",48.461
"257.14779",48.446
"367.1882",48.436
"749.57323",48.397
"555.22426",48.376
"698.24901",48.358
"511.26361",48.353
"425.16399",48.314
"381.13816",48.294
"370.30493",48.288
"492.28942",48.288
"557.45794",48.258
"213.09164",48.256
"329.10338",48.239
"417.33794",48.144
"435.3486",48.143
"431.98771",48.13
"135.93175",48.076
"400.0047",48.003
"557.35134",47.933
"307.16676446",47.924
"287.61197",47.817
"333.20753",47.809
"465.30502",47.762
"620.41286",47.619
"116.927363",47.458
"482.26652",47.421
"343.22815",47.335
"592.3616",47.251
"383.28079",47.244
"518.24097",47.237
"215.06854",47.208
"615.49975",47.2
"342.09723",47.11
"149.09611",47.063
"340.16038",46.939
"315.1244",46.847
"505.32888",46.812
"320.16999",46.805
"308.17021",46.787
"541.23957",46.751
"288.19024",46.734
"526.2479",46.653
"305.07052",46.631
"479.26567",46.624
"439.37982",46.602
"136.89064",46.596
"465.28639",46.566
"456.29792",46.538
"337.10629",46.428
"381.10713",46.406
"370.14255",46.326
"421.13061",46.31
"653.51359",46.291
"242.11151",46.29
"369.33768",46.286
"781.56266",46.261
"466.80366",46.211
"550.29228",46.205
"376.21678",46.133
"447.20602",46.045
"438.29378",46.019
"464.80573",45.866
"399.14835",45.783
"440.25569",45.781
"313.21004",45.716
"347.19036",45.689
"442.01666",45.649
"403.15818",45.647
"673.30908",45.608
"441.35928",45.528
"512.99406",45.505
"700.38416",45.502
"444.01322",45.444
"581.24074",45.408
"376.21669",45.332
"518.30449",45.325
"697.44229",45.269
"373.11475",45.169
"465.30501",45.154
"575.45414",45.095
"407.12178",45.012
"712.53998",44.969
"277.03966",44.963
"113.04137",44.961
"696.23374",44.937
"434.19775",44.918
"395.07533",44.918
"613.30003",44.897
"244.12691",44.879
"331.08034",44.869
"324.16547",44.859
"288.61985",44.8
"373.07185",44.792
"528.3442",44.791
"445.19044",44.755
"285.12472",44.726
"224.01345",44.645
"725.38666",44.639
"376.21657",44.613
"408.28334189",44.551
"252.13226",44.459
"308.17034",44.443
"415.18993",44.372
"445.19042",44.342
"468.30534",44.329
"555.4415",44.321
"375.21829",44.235
"261.16092",44.164
"306.15454",44.121
"357.28045",44.113
"465.30512",44.041
"373.57345",43.987
"264.08643",43.982
"492.33356",43.968
"596.35283",43.966
"399.00122",43.89
"293.10365",43.854
"483.21361",43.847
"333.13299",43.847
"594.33888",43.845
"231.11385",43.828
"582.27218",43.807
"365.20862",43.777
"306.07375",43.773
"469.20412",43.77
"249.06329",43.752
"589.17181",43.746
"415.14328",43.627
"222.04903",43.585
"328.16196",43.566
"464.31534",43.527
"525.30558",43.512
"452.38323",43.493
"384.32068",43.441
"482.33915",43.429
"487.237",43.355
"266.6066",43.325
"415.26288",43.278
"368.16177",43.246
"443.01035",43.235
"323.16182",43.214
"270.0479",43.181
"427.1799",43.016
"471.2424",42.986
"439.08666",42.933
"367.21278",42.862
"265.10847",42.85
"631.47019",42.839
"627.35692",42.808
"305.01828",42.751
"286.12784",42.716
"454.26635",42.702
"375.23072",42.679
"630.45778",42.642
"431.30945",42.641
"331.25516",42.638
"146.08111",42.631
"279.6143",42.617
"465.30501702",42.482
"577.37416",42.478
"555.38552",42.47
"506.32504",42.442
"665.21496",42.404
"506.34801",42.39
"515.41016",42.084
"635.30906",42.07
"784.58085",42.006
"299.25517",41.983
"446.25775",41.949
"550.05514",41.919
"375.09634",41.81
"488.24031",41.773
"423.31205",41.638
"555.29364",41.495
"287.61203",41.473
"359.19014",41.455
"712.55311",41.4
"624.31835",41.288
"251.09273",41.279
"418.3102",41.276
"332.25297",41.27
"383.35337",41.258
"447.31212",41.245
"392.12033",41.201
"250.07218",41.148
"727.37613",41.141
"623.34137",41.097
"515.24164",41.048
"436.31526",40.945
"332.15936",40.933
"428.18281",40.923
"331.23538",40.919
"525.33996",40.867
"376.21673",40.831
"471.33283",40.791
"549.31741",40.781
"442.24452",40.774
"471.34799",40.77
"470.2755",40.75
"350.23723",40.708
"427.17934",40.689
"821.55573",40.612
"542.33611",40.585
"261.0746",40.573
"367.15901",40.512
"407.11483",40.503
"381.17388",40.494
"465.30528",40.484
"445.15676",40.473
"475.23431",40.39
"283.10791",40.358
"435.14574",40.353
"486.22473",40.312
"637.52171",40.297
"285.08045",40.289
"556.3313",40.288
"304.10093",40.269
"331.24946337",40.21
"454.34114",40.183
"490.23077",40.159
"767.42262",40.137
"319.16668",40.115
"611.50562",40.113
"261.11916",40.07
"579.49949",40.053
"383.15409",40.045
"505.33585",40.043
"580.39794",39.938
"392.27343",39.937
"487.20145",39.934
"589.30294",39.92
"357.15921",39.86
"309.10778",39.854
"456.25053",39.839
"369.30148",39.793
"679.49506",39.775
"316.12742",39.746
"409.33287",39.732
"244.14124",39.731
"556.345",39.71
"445.19044540",39.695
"361.14104",39.674
"359.19018",39.672
"439.26225",39.618
"449.36419",39.584
"319.16669",39.483
"556.29704",39.451
"483.27835",39.451
"797.42799",39.437
"401.16407",39.406
"297.13229",39.393
"337.17739",39.389
"401.29067",39.375
"465.3049",39.316
"446.19367246",39.285
"440.3831",39.271
"439.26644",39.238
"451.24011",39.215
"503.33855",39.205
"232.0589",39.173
"606.30198",39.13
"383.1351",39.126
"291.17191",39.12
"401.21675",39.068
"538.22996",39.047
"219.06356",38.998
"243.12385",38.977
"318.17941",38.956
"423.27548",38.95
"441.26265",38.95
"565.46491",38.94
"407.27012",38.926
"389.2677",38.844
"241.10818",38.717
"554.38226",38.716
"313.23886495",38.618
"590.30598",38.6
"374.27841",38.545
"697.24562",38.492
"218.07802",38.274
"252.08549",38.227
"181.08626",38.169
"356.14539",38.131
"361.23891",38.13
"444.26022",38.117
"314.14882",38.117
"324.16514",38.078
"328.16252",38.019
"430.98438",37.957
"423.22737",37.904
"243.12395",37.892
"605.29865",37.892
"321.14619",37.89
"327.16932",37.865
"638.52462",37.857
"628.35846",37.692
"321.20741",37.643
"319.21297",37.604
"384.15697",37.516
"315.12444",37.431
"552.36736",37.426
"418.28129",37.26
"477.22896",37.26
"483.2038",37.259
"219.02711",37.202
"445.29658",37.197
"479.3745",37.155
"246.13475",37.105
"354.26517",37.052
"336.15969",37.037
"355.32232",37.029
"307.16681",37.003
"539.2872",36.977
"588.4668",36.972
"457.08077",36.873
"381.1061",36.862
"317.17606",36.856
"521.23997",36.837
"466.28952",36.783
"629.45525",36.747
"261.02949",36.742
"557.33385",36.733
"410.28848",36.693
"515.41027",36.674
"351.92527",36.668
"331.24946",36.642
"255.1022",36.608
"457.26343",36.604
"345.13494",36.49
"484.30426",36.409
"619.42124",36.39
"121.02825",36.375
"662.52657",36.362
"337.10892",36.341
"339.15786",36.302
"479.31957",36.286
"540.33684",36.274
"574.45104",36.235
"443.30142",36.195
"476.27804",36.142
"383.31728",36.133
"445.19072",36.098
"512.26868",36.068
"527.35489",36.046
"157.01339",36.044
"279.09323",36.033
"213.05776",36.023
"550.34836",36.006
"544.25851",35.984
"313.21775",35.98
"385.23902",35.965
"263.6282",35.962
"294.10701",35.955
"372.25475",35.947
"699.38109",35.917
"307.14854",35.87
"504.23615",35.833
"285.11366",35.813
"441.2236",35.78
"541.27863",35.742
"511.31048",35.712
"626.35507",35.682
"330.10643",35.656
"172.99057",35.582
"405.09416",35.538
"452.27354",35.512
"378.27788",35.51
"270.09889",35.426
"385.16968",35.423
"620.52546",35.423
"271.19168",35.418
"460.00038",35.415
"671.36652",35.388
"399.18862",35.319
"368.19205",35.317
"377.13976",35.172
"286.11677",35.146
"412.08695",35.141
"419.28472",35.085
"307.16676",35.049
"605.40556",34.981
"318.14962",34.975
"321.11094",34.964
"397.33232",34.949
"410.86359",34.916
"711.53675",34.914
"317.21247",34.91
"726.39994",34.841
"289.15595",34.818
"521.33098",34.815
"107.03633",34.809
"512.30917",34.76
"101.05948",34.755
"465.22266",34.743
"224.07992",34.74
"408.28317",34.702
"481.33617",34.666
"467.3338",34.613
"208.0493",34.611
"427.23379",34.597
"333.17141",34.583
"773.57085",34.578
"106.04112",34.577
"349.16638",34.568
"357.28027",34.523
"387.25466",34.516
"185.10771",34.513
"300.15388",34.49
"495.27834",34.457
"136.07572",34.387
"331.15569",34.375
"281.24895885",34.364
"555.29943",34.315
"266.10925",34.29
"589.30274",34.276
"468.31181",34.262
"194.08163214",34.262
"110.07108",34.261
"437.29108",34.259
"359.22333",34.183
"209.06753",34.036
"803.54441",34.021
"465.28615",34.017
"327.0879",34.006
"708.52106",33.996
"368.19001",33.952
"587.28709",33.946
"541.484",33.944
"497.27675",33.939
"254.10359",33.934
"412.20156",33.922
"416.19867",33.921
"251.129",33.89
"442.26626",33.883
"250.0331",33.859
"506.33889",33.816
"202.11606",33.785
"486.31963",33.775
"661.53273",33.763
"198.07673",33.724
"479.24739",33.712
"673.54172",33.7
"483.02364",33.676
"649.41381",33.653
"412.86129",33.591
"436.22434",33.539
"512.21485",33.521
"541.26538",33.515
"340.91755",33.48
"96.95874",33.476
"302.10373",33.454
"409.13631",33.454
"513.2528",33.441
"505.30164",33.43
"295.11653",33.429
"637.50231",33.399
"307.09563",33.382
"433.9848",33.348
"331.25536",33.311
"228.13206861",33.245
"410.289",33.162
"297.11367",33.117
"737.3967",33.115
"335.15403",33.115
"263.14048",33.115
"335.09455",33.112
"315.10944",33.089
"196.04391",33.068
"394.19873",33.02
"305.15118311",33.004
"289.18114",33.002
"435.31175",33.002
"360.18527",33
"372.19357",32.996
"273.11383",32.992
"286.20538",32.937
"327.05213",32.929
"229.14428158",32.903
"466.3063",32.847
"694.4898",32.776
"335.16186",32.764
"467.30354",32.754
"791.36906",32.71
"323.18466",32.687
"782.56601",32.598
"365.19747",32.59
"695.27564",32.58
"270.04762",32.574
"423.25224",32.57
"335.25979",32.558
"147.03148",32.528
"465.29817",32.527
"261.16113",32.519
"435.03493",32.492
"335.16194",32.491
"466.33066",32.443
"379.24916",32.429
"341.14856",32.421
"548.76744",32.405
"438.12809",32.345
"673.54122",32.324
"120.05231",32.278
"526.35134",32.276
"531.29937",32.266
"206.16249",32.245
"299.11986",32.219
"725.39689",32.027
"326.90192",32.005
"292.16395",31.997
"525.26206",31.993
"271.19192",31.954
"225.10456",31.903
"444.26028",31.872
"404.28883",31.85
"583.29175",31.848
"387.12843",31.777
"117.92741",31.734
"363.14569",31.703
"542.31154",31.684
"488.34696",31.63
"226.11597",31.614
"439.29644923",31.564
"329.10339",31.502
"344.14555",31.455
"284.09063",31.431
"449.28686",31.422
"136.04728",31.409
"384.15689",31.385
"262.62035",31.381
"498.26185",31.381
"751.58958",31.366
"524.34144",31.359
"272.12967",31.356
"285.07739",31.356
"489.33445",31.336
"375.17961",31.329
"473.25211",31.256
"500.31316",31.212
"574.45067",31.208
"448.31622",31.207
"474.25518",31.184
"539.3052",31.171
"243.1714",31.167
"391.14943",31.165
"274.05509",31.145
"470.23041",31.133
"537.2381",31.104
"382.84249",31.088
"418.34126",31.043
"524.30017",31.037
"329.10361",31.036
"635.43194",30.973
"544.25911",30.968
"124.02274",30.941
"377.23387",30.938
"473.28273",30.932
"759.41585",30.896
"438.26324",30.857
"282.25008",30.856
"297.0863",30.856
"347.18991",30.846
"664.54128",30.828
"413.20071",30.797
"117.92734317",30.788
"461.32021",30.785
"116.92741",30.785
"165.06595",30.615
"307.19497",30.602
"254.62273",30.602
"592.39415",30.561
"259.16354",30.56
"502.2504",30.549
"199.05807",30.542
"468.31845",30.538
"441.23961",30.517
"557.45693",30.51
"526.31446",30.493
"314.14341",30.472
"443.25708",30.47
"455.24761",30.46
"527.40873",30.386
"511.27328",30.377
"476.28442",30.374
"539.13902",30.372
"233.09303",30.357
"332.1173",30.356
"503.26803544",30.344
"775.57754",30.336
"300.19009",30.317
"461.99703",30.313
"118.92134",30.299
"480.17773",30.244
"297.13464",30.239
"543.29755",30.238
"359.22329",30.22
"465.32263",30.206
"361.2571",30.188
"329.10355",30.172
"752.59188",30.171
"781.56251",30.154
"243.0512",30.092
"677.3752",30.074
"298.16492",30.067
"283.26464",30.066
"129.09095",30.035
"182.01982",30.024
"611.3798",29.972
"501.25275",29.967
"315.0326",29.956
"610.35935",29.918
"194.90507",29.907
"203.05565",29.902
"515.26871",29.887
"544.26583",29.882
"132.07193",29.879
"492.98601",29.845
"417.30145",29.83
"349.14133",29.825
"542.26082",29.818
"551.30443",29.814
"374.23935",29.806
"517.31732",29.782
"166.08641",29.781
"466.23512",29.741
"327.08788",29.737
"455.29403",29.716
"230.10337",29.702
"243.17151",29.692
"385.14909",29.657
"166.0975",29.641
"391.28582",29.638
"674.54508",29.624
"471.27325",29.583
"373.2751",29.577
"318.21548",29.568
"388.25289",29.533
"258.17918",29.526
"223.08044",29.505
"425.26794",29.504
"659.50263",29.501
"362.07563",29.495
"445.19016",29.478
"358.13021",29.451
"424.27895",29.422
"555.31836",29.403
"633.48615",29.401
"623.42992",29.396
"774.57424",29.39
"332.93431",29.377
"283.1033",29.332
"317.13994",29.331
"274.14506",29.236
"759.41566",29.215
"485.02091",29.171
"214.10817",29.068
"283.17237",29.054
"539.26059",29.02
"421.20998",28.971
"440.29939",28.927
"782.56603",28.927
"588.46626",28.918
"504.2713",28.902
"305.15112",28.892
"701.53645",28.865
"169.07622",28.811
"303.11536",28.8
"449.32772",28.779
"307.25507",28.74
"409.29584",28.725
"255.14227",28.721
"319.22807",28.671
"492.34538",28.658
"339.20919",28.651
"284.15882",28.594
"487.26812",28.586
"329.17625",28.535
"119.02228",28.528
"633.50959",28.497
"435.98168",28.491
"480.2513",28.482
"477.28177",28.481
"194.08935",28.459
"371.19034",28.445
"445.2118",28.432
"313.05042",28.424
"420.28423",28.389
"407.25748",28.322
"543.2551",28.298
"615.31649",28.259
"259.18165",28.229
"550.35175",28.224
"386.09169",28.169
"535.31028",28.124
"242.04351",28.111
"296.23108",28.093
"370.23907",28.076
"237.06623",28.076
"446.19367",28.076
"302.07581",28.043
"568.32067",28.042
"618.4373",27.993
"399.22135",27.984
"208.00702",27.956
"240.075",27.955
"454.28913",27.951
"566.27656",27.943
"201.11278",27.938
"611.28556",27.917
"611.34459",27.804
"509.25752",27.789
"493.16951",27.78
"497.3412",27.747
"260.18498",27.743
"347.15023",27.735
"385.05028",27.733
"753.59464",27.733
"554.50574",27.725
"443.29979",27.724
"227.0561",27.722
"393.29145",27.706
"195.05168",27.704
"494.98308",27.699
"475.21581",27.658
"733.57849",27.649
"663.53805",27.621
"166.05796",27.611
"477.25017",27.58
"713.3526",27.573
"503.26829",27.544
"564.37311",27.544
"454.26612",27.539
"175.09678",27.537
"379.0841",27.537
"507.29673",27.531
"453.31469",27.511
"367.11422",27.493
"130.06514",27.477
"317.17007",27.464
"497.29445",27.458
"395.31701",27.457
"521.2397",27.423
"243.12381",27.385
"453.17983",27.375
"457.28338",27.372
"335.15372",27.371
"540.33033",27.371
"532.30208",27.368
"370.28686",27.349
"549.28899",27.343
"481.34611",27.331
"117.92734",27.295
"467.33818",27.293
"523.27358",27.267
"353.11732",27.245
"619.44645",27.237
"208.06467",27.226
"499.23757",27.224
"330.1068",27.18
"521.29464",27.157
"541.26474",27.117
"321.13052",27.105
"414.20368",27.054
"383.15371",27.019
"471.34701",27.003
"329.10335",27.001
"379.14068",27
"545.1297",26.99
"230.14761",26.983
"463.27128",26.976
"385.22204",26.967
"386.14819",26.905
"453.28577",26.904
"319.16649",26.857
"409.27276",26.852
"374.27847",26.843
"171.02911",26.842
"554.14113",26.807
"595.38126",26.805
"659.50774",26.726
"591.32822",26.725
"500.24056",26.709
"451.26678",26.693
"427.20893",26.683
"636.51052",26.67
"267.11413",26.667
"800.57672",26.666
"418.30487",26.656
"557.45726",26.654
"369.17399",26.638
"332.22352",26.626
"503.26803",26.618
"504.27154",26.606
"353.10123",26.564
"466.23475",26.552
"401.30639",26.533
"487.27306",26.509
"359.20266",26.502
"607.45796",26.501
"574.4508",26.499
"423.25204",26.499
"278.11504",26.496
"387.18463",26.474
"467.31481",26.462
"689.35222",26.452
"723.38141",26.38
"641.35598",26.372
"281.13956",26.372
"355.14339",26.363
"245.04901",26.349
"303.16088",26.338
"400.22441",26.328
"229.11902",26.317
"724.38474",26.308
"206.01243",26.298
"369.24082",26.227
"541.3349",26.21
"492.34636",26.203
"269.17618",26.18
"181.01694612",26.173
"454.28933",26.169
"298.24536",26.166
"287.14004",26.141
"488.37477",26.116
"237.07686",26.095
"383.17667",26.093
"491.3206",26.081
"505.27452",26.077
"203.05041",26.076
"118.92559",26.07
"441.26281",26.029
"399.15098",26.029
"328.16985",26.013
"541.321",26.009
"227.1285",25.997
"410.22709",25.986
"446.19437",25.974
"280.11554",25.972
"383.18996",25.932
"219.12349",25.931
"190.0519",25.925
"443.25682",25.889
"339.15661",25.839
"484.33423",25.818
"773.57077",25.814
"156.96148",25.813
"114.93274",25.807
"418.21436",25.788
"240.06436",25.786
"462.369",25.782
"389.28341",25.777
"279.17169",25.772
"338.1464",25.755
"167.07052",25.753
"416.32577",25.746
"187.08426",25.738
"307.25496",25.735
"361.0938",25.731
"505.33549",25.72
"245.03444",25.715
"279.01898",25.712
"383.08196",25.681
"364.11305",25.657
"500.31301",25.657
"89.02289",25.62
"369.17432",25.618
"405.22474",25.587
"478.30827",25.561
"500.31308",25.546
"460.27608",25.529
"397.00462",25.511
"580.36174",25.484
"465.26195",25.45
"257.08233",25.436
"199.09704",25.429
"283.10895657",25.415
"235.08229",25.409
"116.92738396",25.4
"492.30931",25.387
"455.2514",25.343
"464.21958",25.322
"377.27171",25.32
"568.31838",25.308
"589.30355",25.305
"511.30982",25.295
"620.45316",25.293
"174.05525",25.28
"381.33801",25.264
"388.18808",25.233
"405.26505",25.223
"561.32758",25.193
"524.33571",25.178
"330.10703",25.16
"100.92455",25.159
"162.00223",25.138
"348.17412",25.1
"359.29606",25.089
"197.07448",25.086
"392.28802",25.071
"537.35597",25.068
"183.12432",25.06
"183.0921",25.02
"527.30479",24.992
"472.35177",24.992
"528.30829",24.99
"492.27922",24.983
"447.20607",24.981
"301.12959",24.978
"411.35929",24.965
"433.24917",24.96
"375.25208",24.938
"475.28826",24.907
"114.93275",24.894
"237.05001",24.884
"118.92132",24.873
"175.07556",24.848
"799.57335",24.842
"136.0757",24.824
"414.20395",24.824
"409.23589",24.822
"327.10238",24.802
"435.23671",24.797
"150.05502",24.792
"397.23634",24.762
"356.26814",24.744
"165.05475",24.731
"474.28041",24.724
"774.57413",24.714
"754.59765",24.661
"387.25177",24.639
"263.10366",24.612
"331.11907",24.593
"413.26407",24.587
"269.0825",24.571
"515.30475",24.539
"269.04608",24.534
"475.34313",24.527
"379.15847",24.525
"224.06161",24.524
"469.31132",24.448
"414.25806",24.434
"655.53122",24.428
"678.44848",24.413
"503.26321",24.406
"427.26215",24.392
"507.3175",24.391
"459.27322",24.385
"355.16758",24.375
"594.37752",24.361
"510.31588",24.348
"460.35183",24.342
"376.0862",24.336
"117.07386",24.331
"417.3377",24.321
"473.25182",24.32
"166.0471",24.318
"499.29306",24.315
"471.27863",24.31
"589.46947",24.308
"299.05406",24.299
"224.09262",24.295
"284.22318",24.276
"280.23589",24.256
"433.24933",24.227
"389.17025",24.225
"755.56038",24.2
"285.01459",24.183
"282.25174",24.182
"657.58309",24.181
"603.51837",24.165
"623.41584",24.158
"232.05903",24.148
"343.0615",24.134
"467.30651",24.116
"466.30704",24.102
"377.23529",24.09
"214.07053",24.087
"465.25731",24.06
"412.27071",23.966
"522.35849",23.937
"606.30079",23.921
"265.05115",23.921
"567.31714",23.898
"555.44204",23.888
"415.26868",23.872
"484.2766",23.861
"486.22487",23.835
"411.23937",23.808
"536.313",23.758
"369.17427",23.756
"285.12449",23.741
"459.34844",23.739
"724.38512",23.736
"608.38879",23.734
"381.30903",23.732
"451.27031",23.712
"505.26091",23.693
"635.50718",23.689
"333.27096",23.677
"681.48679",23.667
"99.92434145",23.65
"225.11266",23.65
"476.34675",23.643
"217.10788",23.634
"582.3774",23.587
"507.28382",23.571
"269.13138",23.569
"339.1567",23.563
"487.34346",23.562
"589.30356",23.516
"387.27584",23.495
"390.27354",23.493
"274.95424",23.478
"571.2893",23.443
"527.30496",23.419
"329.24884",23.414
"503.16246",23.409
"531.39132",23.406
"476.21833",23.401
"613.54149",23.399
"803.54498",23.394
"486.20126",23.357
"514.28429",23.344
"681.34664",23.303
"557.45729",23.302
"377.29688",23.301
"132.98023",23.292
"465.30457",23.292
"202.10774296",23.29
"212.05621",23.29
"551.30434",23.283
"440.29894",23.275
"472.24612",23.269
"448.3155",23.263
"347.22328",23.261
"295.11875",23.254
"810.63474",23.238
"117.03351",23.228
"332.12227",23.202
"613.30026",23.194
"355.66891",23.169
"279.08588",23.169
"406.2679",23.162
"485.22163",23.138
"306.13522",23.112
"419.28081",23.074
"461.0038",23.061
"357.18581",23.056
"330.25212",23.053
"234.0462",23.048
"397.16905",23.022
"292.08066",23.02
"283.10899",23.014
"409.28616",23.013
"343.15545",23.008
"475.26766",22.982
"413.25493",22.974
"400.18844",22.969
"408.25244",22.952
"119.04908",22.935
"499.3101",22.905
"489.24435",22.899
"277.13208",22.893
"710.53635",22.89
"474.28556",22.881
"99.92434",22.861
"417.26492",22.852
"785.58436",22.839
"267.06933",22.836
"411.23905",22.821
"317.13035",22.791
"634.3336",22.785
"261.12437",22.759
"193.08614",22.736
"530.28615",22.72
"300.26279",22.719
"617.51119",22.718
"139.04454",22.703
"629.31123",22.702
"579.4302",22.689
"370.17782",22.687
"323.22312",22.671
"337.23889",22.665
"548.29702",22.658
"447.31188",22.627
"255.0513",22.626
"233.04301",22.604
"488.27597",22.593
"423.30232",22.584
"567.31531",22.582
"322.24714",22.57
"242.1224",22.536
"150.06307",22.517
"377.12454",22.508
"203.03456",22.493
"497.34076",22.473
"301.17625",22.464
"335.16176",22.452
"297.18893",22.451
"188.04019",22.429
"301.14454",22.425
"528.30804",22.4
"158.0449",22.398
"466.30766",22.396
"277.14769",22.396
"625.53223",22.386
"343.21278",22.384
"313.09371",22.375
"300.08132",22.367
"85.06441",22.365
"299.25948",22.356
"541.32017",22.352
"427.21988",22.342
"443.257",22.328
"453.26282",22.305
"225.11309",22.304
"118.92569",22.266
"592.3217",22.256
"535.30982",22.24
"372.19377",22.217
"153.09111",22.213
"429.25862",22.211
"184.09721",22.202
"223.0141",22.195
"408.26804",22.195
"723.38147",22.18
"513.33584",22.177
"476.27073",22.162
"290.08877",22.121
"411.08393",22.109
"239.12863",22.107
"391.2496",22.105
"841.55853",22.065
"327.08815",22.027
"209.01211",22.027
"170.08152",22.02
"106.04106",22.013
"591.39077",22.01
"152.02852",21.986
"327.29096",21.984
"756.56366",21.948
"171.02265",21.932
"194.99634",21.903
"329.17597",21.875
"292.10335",21.844
"283.2433",21.829
"493.28225",21.812
"407.11044",21.811
"300.26225",21.808
"631.52671",21.804
"617.47639",21.799
"450.19629",21.785
"408.28354",21.776
"172.09693",21.759
"415.32214",21.74
"317.14695",21.734
"713.60948",21.731
"827.64184",21.688
"243.1236",21.666
"419.21848",21.656
"461.27234",21.648
"116.9273733",21.636
"464.31",21.635
"479.28426",21.633
"407.2957",21.616
"607.38559",21.611
"472.28156",21.604
"136.07575",21.601
"560.47612",21.6
"407.28055",21.587
"448.20941",21.584
"671.29343",21.576
"414.26803",21.574
"255.08778",21.555
"352.9586",21.542
"293.07993",21.518
"784.58215",21.518
"419.10881",21.505
"408.28423",21.503
"180.02934",21.473
"369.28399",21.462
"775.57749",21.459
"475.26746",21.415
"116.92738661",21.408
"351.22121",21.392
"257.08235",21.388
"439.30696",21.378
"513.31152",21.373
"355.05047",21.368
"493.33612",21.364
"562.31511",21.356
"500.27812",21.351
"336.19006",21.349
"117.92735",21.347
"478.29463",21.344
"483.2733",21.335
"783.57897",21.335
"528.95095",21.323
"394.29384",21.318
"385.20596",21.31
"541.3396",21.278
"453.23245",21.267
"116.92735444",21.238
"434.336",21.206
"477.25626",21.203
"217.0478",21.189
"341.10118",21.168
"470.23045",21.166
"228.13179",21.132
"711.53927",21.132
"346.13878",21.123
"353.18706",21.109
"99.00733",21.085
"570.36774",21.072
"418.21402",21.063
"73.02799",21.06
"515.30443",21.041
"461.36419",21.037
"194.04527",21.033
"608.31767",21.019
"269.09281",21.019
"527.30445",21.014
"143.11795",21.013
"480.29988",20.996
"375.29082",20.995
"441.2864",20.989
"118.92558",20.987
"183.1383",20.984
"491.32059",20.978
"234.08988",20.97
"441.2589",20.956
"537.23782",20.955
"325.12333",20.935
"368.28067",20.9
"157.04968",20.882
"673.54192",20.865
"333.13301",20.864
"633.4379",20.849
"367.2434",20.846
"592.31688",20.844
"515.28719",20.826
"467.24724",20.82
"611.34282",20.817
"485.30425",20.802
"359.09788",20.801
"385.16947",20.796
"241.14455",20.794
"465.30483",20.788
"506.34798",20.779
"615.20164",20.771
"232.90204",20.748
"431.35325",20.746
"416.96808",20.722
"136.07574",20.719
"465.31822",20.717
"460.26846",20.71
"142.06497",20.703
"553.50306",20.691
"421.33305",20.68
"384.31198",20.654
"136.02902",20.648
"298.88077",20.621
"299.24932",20.62
"787.62879",20.612
"474.26287",20.603
"478.18073",20.598
"377.08635",20.588
"116.92732783",20.585
"419.21745",20.578
"551.30422",20.571
"366.2007",20.569
"301.09339",20.554
"156.96149",20.545
"524.30047",20.541
"472.35162498",20.538
"180.06567",20.532
"636.34937",20.515
"132.07355",20.508
"476.27862",20.508
"568.33178",20.482
"321.24382",20.477
"153.01842",20.462
"466.31443",20.409
"393.15594",20.393
"379.24941",20.381
"741.60465",20.361
"443.21132",20.348
"206.0455",20.339
"261.1348",20.312
"373.23633",20.309
"361.26003",20.305
"179.03747",20.274
"108.03226",20.264
"463.30674",20.259
"329.24887",20.258
"604.30097",20.245
"423.03801",20.243
"483.44228",20.236
"464.3148",20.221
"331.11933",20.216
"259.08682",20.211
"476.27081",20.175
"424.27283",20.171
"656.53463",20.164
"118.04949",20.154
"625.32423",20.141
"714.61268",20.129
"452.3093",20.059
"779.54792",20.058
"511.26542",20.055
"618.47973",20.045
"482.34245",20.038
"115.07527",20.035
"154.96443",20.029
"786.58724",20.02
"179.0343",20.02
"343.08592",20.012
"303.23338",19.97
"306.25205",19.965
"349.12566",19.948
"361.08991",19.935
"183.13817",19.924
"314.24215",19.917
"594.33743",19.899
"568.36168",19.898
"269.62843",19.879
"506.42737",19.879
"711.51864",19.877
"291.09173",19.875
"639.4961",19.873
"362.23898",19.869
"322.17317",19.863
"495.31523",19.862
"185.10054",19.861
"495.31545",19.86
"309.10194",19.856
"285.06218",19.852
"439.26633",19.852
"473.27707",19.848
"391.21333",19.845
"710.53743",19.845
"476.27869",19.817
"465.22641",19.787
"390.22624",19.786
"387.25456",19.78
"147.04399",19.773
"366.16746",19.762
"468.24695",19.752
"518.89547",19.75
"607.42106",19.748
"632.52999",19.742
"801.5455",19.72
"631.46057",19.69
"569.36536",19.673
"267.03043",19.67
"341.22343",19.665
"479.27764",19.651
"806.56385",19.644
"152.99477",19.605
"513.28933",19.586
"742.60826",19.585
"415.21634",19.577
"296.94358",19.569
"322.24701",19.567
"461.36415",19.55
"428.26562",19.519
"371.29963",19.5
"164.00394",19.5
"385.16965962",19.494
"425.25037",19.491
"302.20567",19.478
"373.17728",19.471
"700.38502",19.435
"447.34849266",19.431
"549.16847",19.424
"283.05644",19.386
"395.18995",19.382
"378.29959",19.379
"484.20938",19.379
"498.29013",19.362
"537.48907",19.36
"355.24958",19.358
"391.22594",19.346
"431.19576",19.343
"475.19769",19.334
"473.28796",19.316
"448.30724",19.255
"410.26473",19.248
"408.2841",19.246
"186.02244",19.241
"438.2945",19.239
"552.49994",19.237
"157.04964",19.232
"371.18013",19.226
"498.26104",19.21
"353.15845",19.187
"517.26106",19.171
"438.30825",19.161
"134.89362",19.132
"359.1145",19.131
"349.14107",19.131
"271.00419",19.109
"553.42621",19.106
"199.09703",19.1
"251.12648",19.085
"286.07338",19.081
"725.39679",19.056
"759.61518",19.055
"257.12986",19.015
"417.17591",19.009
"423.27186",19.004
"327.12857",18.997
"550.32129",18.991
"205.15916",18.986
"195.06578",18.974
"463.20835",18.969
"159.06531",18.962
"564.37323",18.96
"460.26843",18.946
"591.39091",18.943
"127.03899",18.94
"370.29642",18.914
"464.30205",18.911
"363.20749",18.901
"263.09726",18.888
"299.18667",18.887
"152.08179",18.884
"223.17011",18.882
"351.21837",18.874
"439.24701",18.872
"605.29861",18.867
"327.23359",18.867
"107.04894",18.867
"543.25508",18.85
"491.27839",18.844
"414.20393",18.839
"243.08758",18.835
"305.23918",18.834
"445.09746",18.824
"118.9171",18.824
"627.33947",18.808
"480.31022",18.806
"121.02835",18.796
"291.1607",18.795
"337.23882",18.792
"349.13733",18.766
"509.28817",18.76
"161.08091",18.752
"396.22414",18.747
"403.28595",18.741
"329.23953",18.725
"802.54896",18.724
"383.1637",18.716
"313.23886",18.711
"368.24162",18.696
"615.31655",18.691
"470.14778",18.69
"603.29691",18.682
"369.30162",18.673
"485.15199",18.651
"627.58367",18.646
"449.31002",18.642
"120.04417",18.636
"317.11465",18.632
"395.22074",18.629
"151.01373",18.617
"433.29611",18.616
"349.20221",18.614
"201.04005",18.605
"461.36414",18.595
"392.28891",18.593
"471.26693",18.591
"99.92433",18.576
"739.62533",18.571
"152.0343",18.565
"568.36207",18.542
"295.01395",18.538
"249.00817",18.528
"250.10831",18.527
"373.25959",18.484
"526.293",18.476
"174.99088",18.473
"255.08762",18.467
"484.44556",18.437
"222.07666",18.418
"642.55525",18.408
"313.14343",18.402
"471.28815",18.388
"469.25036",18.364
"447.31191",18.362
"283.15543",18.362
"481.28131",18.361
"187.09389",18.36
"328.23644",18.357
"304.23523",18.341
"357.19959",18.338
"269.21264",18.307
"516.28993",18.303
"245.13947",18.302
"204.06938",18.29
"317.15082",18.289
"715.5679",18.286
"387.252",18.249
"596.49793",18.246
"399.18526",18.24
"300.26273",18.218
"149.05976",18.213
"535.27368",18.199
"185.04489",18.171
"415.21598",18.167
"451.30667",18.163
"305.24901",18.161
"473.23684",18.154
"182.95959",18.145
"780.55107",18.137
"92.05724",18.135
"341.19751",18.111
"588.46614",18.11
"567.43962",18.103
"537.23774",18.101
"323.07806",18.087
"457.36898",18.081
"390.27342",18.081
"287.22313",18.062
"273.12472",18.06
"505.24873",18.054
"407.28057",18.045
"257.0153",18.04
"314.20882",18.04
"485.18582",18.039
"419.2805",18.029
"246.14281",18.001
"637.52272",17.99
"254.10378",17.986
"405.26506",17.966
"331.26468",17.957
"448.35181",17.949
"691.50734",17.944
"353.23088",17.94
"554.34855",17.936
"128.0706",17.932
"475.1994",17.932
"618.51404",17.93
"463.30314",17.911
"239.1037",17.9
"123.03129",17.897
"516.29395",17.896
"689.35279",17.873
"255.0887",17.865
"469.22714",17.857
"806.56412",17.855
"485.32529",17.832
"118.02868",17.829
"109.00301",17.82
"145.0496",17.82
"323.16155",17.818
"325.00791",17.791
"163.06009",17.784
"177.07601",17.783
"501.23555",17.783
"472.35181",17.782
"471.34847",17.769
"415.32179",17.762
"391.28586",17.751
"781.56439",17.747
"303.12013",17.746
"294.21612",17.74
"547.34872",17.723
"186.05518",17.718
"277.1445",17.717
"257.21222",17.714
"466.30812",17.713
"272.23154",17.712
"164.06347",17.704
"215.03802",17.685
"360.17831",17.682
"385.19196",17.676
"116.92731",17.671
"405.26458",17.658
"557.45753",17.651
"393.19587",17.644
"229.1555",17.639
"765.56836",17.618
"388.21074",17.617
"301.09618",17.608
"565.37634",17.585
"662.45374",17.578
"445.25467",17.578
"261.11356",17.543
"227.10903",17.54
"226.06493",17.528
"311.18693",17.515
"227.02293",17.514
"236.09246",17.507
"494.31235",17.497
"454.28913210",17.495
"300.16084",17.492
"632.72856",17.486
"328.11946",17.477
"154.0612",17.464
"330.17951",17.431
"141.01571",17.421
"227.12874",17.42
"172.09711",17.412
"496.27392",17.407
"365.23147",17.391
"118.02153",17.387
"223.16973",17.386
"431.21106",17.385
"257.17582",17.355
"492.21402",17.354
"785.58499",17.342
"554.34684",17.34
"213.03178",17.324
"387.22164",17.319
"355.2646",17.303
"335.16206",17.285
"455.02891",17.28
"417.30149",17.276
"333.13072",17.267
"452.27379",17.267
"466.29076",17.263
"258.09861",17.26
"486.22526",17.256
"399.22053",17.246
"510.29154",17.242
"333.14636",17.229
"373.26764",17.226
"567.29716",17.221
"451.1145",17.21
"502.91803",17.197
"424.30516",17.182
"332.2679",17.176
"333.1462",17.162
"371.25948",17.14
"228.13182",17.123
"561.14107",17.122
"216.92342",17.104
"443.27825",17.097
"298.24688",17.093
"449.24416",17.085
"305.24896",17.08
"416.28796",17.071
"785.58486",17.06
"399.252",17.06
"129.96907",17.047
"259.12455",17.043
"629.26138",17.041
"241.14456",17.022
"377.27296",16.995
"403.3065",16.985
"73.02806",16.98
"374.23988",16.95
"119.016",16.941
"447.22863",16.914
"365.24625",16.913
"195.06325",16.911
"511.18645",16.91
"385.23661",16.892
"498.28996",16.89
"533.34841",16.888
"677.44507",16.884
"429.21728",16.873
"165.05483",16.861
"609.32151",16.852
"701.53658",16.849
"516.30824",16.827
"462.29969",16.813
"287.16142",16.802
"542.32437",16.798
"425.23147",16.767
"306.10463",16.756
"553.33874",16.753
"90.02622",16.746
"639.3303",16.719
"385.16945",16.718
"541.33394",16.705
"781.55894",16.682
"454.2816",16.682
"372.22406",16.675
"116.9273668",16.673
"755.60004",16.668
"291.06576",16.661
"540.33083",16.655
"776.58093",16.622
"271.15549",16.62
"511.26532",16.62
"165.0257",16.619
"362.29177",16.618
"355.27514",16.618
"488.32345",16.603
"365.10445",16.601
"393.30173",16.598
"471.34834",16.585
"351.21629",16.582
"699.38163",16.574
"457.24278",16.572
"249.11333",16.565
"370.10748",16.555
"169.99087",16.549
"476.27086",16.548
"216.13177",16.527
"231.12366",16.513
"782.56746",16.511
"653.51092",16.478
"136.07571",16.477
"267.12178",16.465
"371.22067",16.462
"357.21493",16.435
"507.31553",16.414
"301.20231",16.411
"198.04021",16.371
"115.07526",16.355
"627.5358",16.342
"418.11275",16.331
"186.11269",16.317
"235.07885",16.315
"538.32046",16.314
"245.13952",16.295
"418.32611",16.295
"472.19446",16.293
"411.21567",16.288
"264.08802",16.283
"499.29306134",16.265
"548.31519",16.26
"333.09587",16.252
"487.23715",16.245
"766.57169",16.237
"311.22334",16.235
"567.2801",16.235
"350.16186",16.216
"359.25541",16.212
"493.33675",16.212
"231.01867",16.207
"170.0424",16.194
"332.18324",16.19
"433.29629",16.187
"220.06103",16.184
"273.09844",16.181
"509.28866",16.173
"488.34636",16.172
"347.18681",16.155
"513.30736",16.153
"500.29548",16.152
"457.3598",16.152
"349.2389",16.151
"413.29142",16.14
"230.10161",16.134
"114.93274345",16.113
"355.28553",16.111
"267.07383",16.099
"597.30421",16.095
"471.32452",16.083
"660.52854",16.077
"274.14135",16.073
"554.3463",16.061
"440.17761",16.049
"226.11635",16.038
"443.17452",16.038
"453.2977",16.032
"421.29649",16.024
"376.29378",16.019
"469.22701",16.005
"297.10954",16.004
"230.08207",15.998
"488.24055",15.996
"108.90077",15.981
"156.01132",15.98
"315.1213",15.93
"645.49507",15.929
"309.27051",15.92
"450.29899",15.879
"372.3122",15.87
"509.25777",15.863
"259.15494",15.858
"487.27329",15.855
"331.24915",15.845
"391.28541",15.839
"503.91886",15.838
"170.04487",15.837
"588.29095",15.801
"156.06568",15.769
"142.0652",15.759
"345.22715",15.723
"132.86677",15.718
"211.06066",15.715
"227.12864",15.709
"366.26523",15.689
"784.58169",15.688
"805.56076",15.687
"465.3048",15.684
"532.28882",15.682
"505.42436",15.681
"544.26613",15.67
"248.09749",15.663
"482.2955",15.638
"335.22328",15.63
"453.28575",15.625
"483.31425",15.618
"569.45496",15.613
"451.3029",15.597
"465.2877",15.589
"299.25904",15.586
"517.89922",15.586
"398.20914",15.585
"317.15132",15.576
"315.10779",15.573
"408.29941",15.57
"344.28098",15.567
"349.20253",15.542
"430.30089",15.536
"478.30788",15.531
"809.63149",15.509
"124.03922",15.502
"224.03805",15.499
"427.17959",15.497
"554.31662",15.494
"676.30599",15.484
"453.28628",15.473
"126.09939",15.467
"370.17759",15.463
"386.29173",15.459
"158.08141",15.455
"333.13486",15.449
"254.62293",15.445
"255.23263",15.437
"126.00081",15.425
"285.06208",15.425
"807.56682",15.41
"338.17251",15.408
"632.49763",15.404
"415.28186",15.402
"475.34264",15.395
"329.10376",15.395
"154.96439",15.385
"365.26753",15.384
"417.32281",15.382
"108.04417",15.378
"636.5288",15.375
"117.04305",15.373
"534.25077",15.373
"631.52694",15.37
"184.09701",15.366
"391.28562",15.364
"303.13551",15.363
"480.30979",15.361
"107.02445",15.353
"192.02969",15.346
"333.22052",15.344
"377.25529",15.344
"243.05119",15.336
"411.26152",15.334
"371.17734",15.329
"177.01836",15.312
"568.35167",15.303
"463.34354",15.279
"123.02703",15.253
"148.03944",15.244
"305.24896403",15.243
"370.1776",15.243
"516.30778",15.239
"121.06475",15.236
"182.04793",15.232
"509.31209",15.217
"213.09155",15.21
"384.10272",15.203
"239.2016",15.193
"228.13206",15.185
"196.06077",15.181
"420.28408",15.181
"73.02806495",15.159
"608.31821",15.154
"730.56369",15.154
"525.28968",15.149
"475.19755",15.146
"565.32268",15.136
"131.07024",15.131
"787.58985",15.127
"645.49502",15.12
"360.24914",15.106
"389.13439",15.101
"92.92662",15.094
"501.92106",15.093
"518.25098",15.085
"265.00335",15.08
"512.27715",15.075
"231.07717",15.064
"402.30168",15.054
"207.06573",15.052
"465.30466",15.027
"530.91345",15.015
"539.33737",14.999
"315.25436",14.994
"461.36427",14.989
"205.03466",14.969
"357.11366",14.951
"139.11174",14.947
"324.13008",14.931
"171.0766",14.931
"259.11981",14.903
"782.56681",14.901
"406.14128",14.894
"358.25221",14.885
"496.28412",14.881
"506.2502",14.878
"330.25228",14.868
"156.02905",14.867
"487.01836",14.861
"801.52975",14.835
"627.55714",14.827
"345.20747",14.81
"525.25279",14.797
"611.44545",14.794
"456.28301",14.793
"197.11771",14.784
"403.13965",14.747
"512.31342",14.745
"451.2467",14.724
"425.24656",14.717
"418.92961",14.715
"397.16905954",14.715
"394.29359",14.711
"143.11788",14.711
"628.5601",14.703
"485.27198",14.701
"471.26694",14.686
"440.26824",14.68
"504.27106",14.678
"297.15301",14.669
"491.33842",14.666
"227.12871",14.661
"455.26804",14.659
"498.29022",14.658
"723.40262",14.652
"132.0442",14.604
"197.09958",14.602
"309.17441",14.601
"453.33793",14.595
"613.35127",14.592
"538.38638",14.587
"439.20822",14.576
"540.33102",14.568
"279.23289",14.554
"306.25207",14.547
"474.92191",14.533
"783.57937",14.525
"222.07699",14.523
"393.22869",14.516
"551.30501",14.516
"213.08182",14.495
"555.44235",14.493
"605.2977",14.49
"186.07648",14.487
"131.07031",14.449
"616.31988",14.438
"475.34341",14.434
"361.19218",14.416
"221.06732",14.416
"767.57496",14.41
"519.38064",14.406
"199.0006",14.396
"159.06528278",14.393
"454.26431",14.391
"183.00291",14.383
"462.32714",14.367
"591.31882",14.342
"141.01579",14.34
"256.05939",14.335
"247.03968",14.332
"225.22213",14.329
"456.25121",14.306
"144.04431",14.251
"484.28876",14.25
"321.21061",14.237
"493.33617",14.218
"214.07053341",14.207
"271.15555",14.187
"484.3366",14.187
"289.99875",14.16
"460.28339",14.15
"261.08816",14.131
"475.30125",14.128
"538.49234",14.126
"485.25806",14.119
"406.19899",14.115
"315.19733",14.106
"520.38353",14.104
"639.49506",14.103
"373.23646",14.098
"116.92735920",14.087
"311.1691",14.077
"248.12919",14.068
"188.09999",14.063
"472.27011",14.062
"333.22077",14.061
"540.34053",14.048
"253.10812",14.046
"603.49509",14.044
"543.26424",14.043
"301.26572",14.035
"465.23897",14.02
"409.19053",14.018
"295.0679",14.01
"119.04902",14.01
"279.61423",14.009
"574.23792",14.005
"311.16913",13.997
"477.26221",13.986
"556.3318",13.976
"188.07102",13.968
"389.27027",13.964
"455.29137",13.958
"436.27907",13.951
"496.22174",13.944
"791.59022",13.94
"319.13013",13.911
"511.27313",13.899
"335.22317",13.897
"401.14262",13.895
"125.09604",13.892
"581.47815",13.892
"287.05636",13.886
"415.21625",13.883
"341.10128",13.88
"603.49587",13.873
"230.10304",13.87
"351.25197",13.866
"392.28835",13.839
"430.30023",13.831
"255.23289",13.826
"154.04393",13.826
"413.25782",13.812
"321.20751",13.799
"667.47088",13.797
"301.09689",13.791
"451.24025",13.784
"399.18517",13.784
"453.28587",13.777
"255.23281",13.777
"181.04969",13.772
"382.29635",13.771
"527.30527",13.758
"216.08744",13.749
"671.52637",13.715
"179.05518",13.712
"497.34066",13.706
"187.09683",13.69
"515.9366",13.676
"482.23015",13.659
"227.16479",13.658
"300.19329",13.648
"430.94842",13.642
"421.23386",13.638
"153.01829",13.636
"527.26016",13.628
"239.07715",13.625
"389.1248",13.606
"399.25445",13.606
"397.1505",13.599
"375.29072",13.593
"285.12464",13.593
"519.38051",13.574
"527.3207",13.567
"461.25542",13.553
"521.24327",13.549
"483.23654",13.543
"222.1576",13.534
"471.34812",13.527
"133.04936",13.505
"151.03899",13.501
"369.20518",13.499
"436.31527",13.496
"456.35695",13.49
"129.96904",13.49
"391.19928",13.489
"397.16694",13.484
"307.26461",13.471
"279.23281",13.453
"271.22825",13.451
"476.3149",13.45
"463.22043",13.43
"589.50212",13.427
"606.34136",13.403
"315.13532",13.399
"453.28643",13.394
"153.01826",13.39
"262.16441",13.385
"281.24913",13.376
"93.03313",13.372
"395.27482",13.369
"167.06131",13.365
"502.21967",13.348
"803.54506",13.341
"275.09298",13.329
"257.12923",13.312
"609.39306",13.311
"593.47907",13.308
"819.5542",13.304
"455.24223",13.293
"429.32046",13.289
"461.36409",13.289
"430.33307",13.286
"479.19914",13.28
"782.56507",13.275
"361.27144",13.275
"139.05815",13.274
"814.56162",13.271
"471.30568",13.26
"369.30133",13.25
"626.58094",13.242
"246.07729",13.229
"384.27576",13.221
"389.24697",13.214
"625.57783",13.208
"429.25851",13.207
"529.64308",13.186
"713.60978",13.182
"305.15118",13.173
"463.29836",13.169
"561.48877",13.15
"227.12854",13.145
"369.17456",13.138
"629.29592",13.136
"490.35396",13.135
"221.15434",13.118
"122.06803",13.115
"293.17604",13.113
"552.30814",13.111
"428.21982",13.094
"347.24447",13.091
"237.11313",13.088
"393.2652",13.087
"383.14165",13.075
"253.14471",13.073
"341.27019",13.072
"224.05632",13.064
"279.23325",13.064
"408.28305",13.063
"289.07197",13.046
"395.24738",13.041
"661.45036",13.036
"202.11591",13.035
"513.28957",13.013
"437.08735",13.013
"315.12419",13.008
"315.25424",12.998
"312.22665",12.986
"160.06867",12.986
"527.30485",12.982
"389.27026",12.971
"321.14602",12.969
"323.14232",12.968
"343.19921",12.967
"169.04971",12.966
"377.27282",12.963
"485.222",12.943
"222.99162",12.941
"225.113",12.933
"491.27781",12.927
"316.18822",12.927
"402.91732",12.922
"397.18718",12.906
"658.54979",12.899
"116.04946",12.891
"201.11267",12.891
"89.02297",12.886
"200.12847",12.884
"449.32757",12.861
"321.13475",12.856
"524.34393",12.834
"80.9637",12.823
"171.10189",12.822
"469.33186",12.815
"417.28591",12.8
"540.2642",12.8
"491.25913",12.782
"360.2679",12.77
"495.3334",12.75
"491.33824",12.744
"254.10346",12.743
"316.25761",12.742
"481.3169",12.741
"216.08758",12.722
"802.53309",12.717
"229.09812",12.702
"422.29958",12.697
"393.29183",12.696
"337.20606",12.694
"419.28082",12.682
"397.20584",12.679
"389.2703",12.676
"482.29023",12.666
"391.24376",12.664
"820.55794",12.65
"411.26749",12.648
"478.3473",12.641
"255.12457",12.637
"462.36755",12.631
"118.92963",12.629
"416.28522",12.627
"333.1383",12.626
"651.59364",12.623
"497.27173",12.622
"442.16282",12.607
"193.03139",12.603
"343.19471",12.594
"805.56054",12.581
"427.21632",12.553
"427.30454",12.54
"366.23469",12.535
"130.04983",12.531
"91.05389",12.527
"421.32999",12.521
"385.16965",12.518
"525.24493",12.513
"230.13962",12.507
"631.49464",12.505
"377.23359",12.505
"474.24773",12.499
"447.31176",12.491
"335.22088",12.488
"580.32835",12.485
"395.2442",12.485
"110.89778",12.484
"479.29767",12.483
"397.25933",12.479
"421.29644",12.466
"343.21301",12.453
"116.07047",12.452
"302.22093",12.441
"506.32479",12.438
"484.20957",12.424
"345.22878",12.41
"525.3255",12.39
"353.23384",12.384
"238.57894",12.383
"289.18127",12.379
"496.28274",12.372
"403.35833",12.369
"555.33238",12.362
"497.25812",12.355
"306.17951",12.354
"435.27148",12.35
"437.2908",12.325
"562.49187",12.312
"281.24895",12.295
"439.28204",12.293
"409.20556",12.276
"332.1242",12.27
"436.30681",12.266
"398.191",12.256
"329.23369",12.232
"132.86676",12.229
"405.26516488",12.228
"230.14745",12.213
"259.07572",12.211
"103.03873",12.194
"334.15279",12.189
"303.1356",12.175
"482.30307",12.164
"223.09737",12.157
"147.06523",12.152
"139.01952",12.146
"297.24398",12.145
"473.28322",12.13
"197.08138",12.124
"557.27362",12.118
"245.13924",12.113
"325.18482",12.102
"405.26473",12.102
"593.4788",12.099
"207.04879",12.085
"261.06194",12.083
"298.06345",12.075
"781.56342",12.072
"336.13039",12.061
"149.04435",12.06
"523.34086",12.056
"313.11967",12.05
"301.21757",12.049
"529.30145",12.045
"201.02194",12.038
"298.1835",12.037
"160.06043",12.021
"257.16588",12.016
"482.29507",12.011
"376.29379",11.993
"320.13704",11.977
"221.04533",11.973
"135.04418",11.962
"166.05",11.959
"486.26105",11.955
"480.29445",11.945
"135.04413",11.936
"479.30157",11.928
"345.21082",11.916
"269.17603",11.911
"373.14825",11.905
"329.25297",11.902
"551.34116",11.877
"215.03227",11.876
"417.93433",11.868
"87.04371",11.863
"410.23167",11.858
"406.26857",11.856
"369.15432",11.853
"447.20648",11.838
"132.04427",11.827
"165.07412",11.827
"217.04789",11.82
"241.18084",11.817
"247.08236",11.81
"170.04508",11.806
"511.27367",11.804
"303.1564",11.79
"416.93285",11.779
"294.08332",11.775
"285.104",11.773
"635.52584",11.767
"270.21588",11.759
"504.27214",11.751
"266.15118",11.746
"167.02021",11.745
"481.30613",11.732
"329.07676",11.728
"472.92502",11.726
"301.12512",11.712
"494.33935",11.712
"211.02787",11.711
"353.10965",11.694
"213.18553",11.691
"257.12967",11.687
"286.00319",11.673
"258.12791",11.671
"197.12877",11.636
"464.28435",11.627
"181.01694",11.624
"296.23117",11.609
"441.30119",11.609
"448.31531",11.596
"204.08512",11.586
"405.26519",11.581
"187.03512",11.563
"362.26477",11.559
"487.27302",11.551
"339.21567",11.536
"375.21798",11.526
"369.22867",11.525
"187.13314",11.521
"467.20919",11.511
"295.11655",11.51
"662.54495",11.505
"486.94048",11.501
"501.35918",11.493
"550.29078",11.49
"245.13947648",11.486
"476.2786",11.481
"514.93562",11.477
"450.24723",11.468
"283.10895",11.455
"380.9267",11.42
"419.18665",11.417
"265.14439",11.414
"389.93821",11.407
"234.07706",11.402
"467.2115",11.399
"406.26816",11.389
"616.89825",11.377
"391.28579",11.376
"229.14428",11.362
"248.93497",11.35
"210.08221",11.344
"286.17766",11.339
"679.37654",11.336
"337.2364",11.332
"351.06195",11.329
"597.51016",11.328
"413.20111",11.325
"211.05101",11.318
"436.27889",11.303
"241.21679",11.286
"244.12701",11.284
"295.22812",11.279
"481.35345",11.258
"524.34394",11.258
"477.30504",11.249
"335.12318",11.244
"624.52903",11.234
"277.21759",11.227
"377.28316",11.227
"558.46101",11.227
"665.57279",11.22
"595.49445",11.217
"287.09302",11.215
"216.0333",11.191
"516.89763",11.188
"300.13549",11.176
"408.28334",11.164
"161.0809",11.161
"362.28344",11.156
"313.20258",11.146
"211.13347",11.141
"435.08139",11.138
"328.2496",11.135
"554.32325",11.13
"277.09328",11.126
"337.20574",11.124
"476.3466",11.116
"265.12762",11.105
"834.56358",11.103
"74.02333",11.095
"461.35403",11.093
"397.16957",11.074
"321.13235",11.067
"495.27904",11.067
"209.07904",11.064
"273.17088",11.063
"433.2574",11.061
"609.39313",11.052
"623.52568",11.039
"212.92053",11.03
"308.26762",11.028
"355.20269",11.025
"327.21811",11.025
"376.27906",11.025
"395.24343",11.022
"348.89642",11.015
"461.32781",11.013
"685.4642",11.006
"590.50595",10.991
"301.21752",10.973
"299.15026",10.972
"361.20268",10.971
"503.26813",10.97
"120.0444",10.945
"435.31125",10.928
"391.28602",10.925
"204.05095",10.922
"566.33671",10.915
"431.31683",10.915
"463.28957",10.903
"271.04372",10.899
"482.35709",10.896
"361.16632",10.877
"428.31715",10.861
"164.07077",10.86
"461.26743",10.86
"243.12388",10.858
"173.11752",10.831
"331.19206",10.807
"171.00554",10.806
"596.29276",10.794
"469.22711",10.794
"385.19993",10.793
"614.33052",10.777
"585.32528",10.773
"327.21816",10.765
"310.09391",10.76
"339.20765",10.757
"331.19205",10.74
"275.14443",10.691
"257.00695",10.688
"389.2704",10.681
"271.09784",10.678
"375.27557",10.672
"478.29415",10.666
"506.34873",10.665
"199.09702",10.646
"591.31729",10.644
"345.22879",10.638
"325.20249",10.636
"405.29177",10.631
"532.87526",10.62
"197.04884",10.614
"635.35015",10.606
"597.39326",10.589
"358.18425",10.587
"500.91961",10.586
"339.21553",10.585
"321.24382678",10.582
"197.01186",10.563
"578.42668",10.56
"507.25338",10.556
"549.29367",10.555
"493.22471",10.551
"393.29132",10.547
"567.34968",10.546
"630.51844",10.533
"589.30354",10.524
"508.33694",10.521
"130.05784",10.52
"455.35353",10.508
"145.08598",10.496
"490.25553",10.488
"318.15442",10.482
"613.50218",10.481
"227.12866",10.475
"546.31795",10.456
"437.29127",10.45
"414.26132",10.442
"330.23725",10.44
"215.12844",10.434
"288.93676",10.431
"432.32051",10.428
"290.93423",10.428
"127.00014181",10.42
"567.35428",10.409
"433.33262",10.407
"421.30945",10.405
"433.29631",10.403
"445.36927",10.398
"255.23278",10.387
"225.11278",10.384
"161.04251",10.382
"574.2375",10.379
"294.21603",10.375
"403.23579",10.363
"406.26379",10.362
"493.33596",10.343
"641.55178",10.33
"145.04963",10.329
"472.24585",10.328
"269.06714",10.325
"551.3234",10.319
"405.30133",10.319
"426.30165",10.314
"418.26859",10.297
"188.05576",10.294
"537.30751",10.293
"167.02147",10.293
"425.30278",10.273
"661.54168",10.27
"273.07734",10.268
"144.06561",10.258
"487.34322",10.253
"468.1518",10.252
"116.07055",10.246
"265.14799",10.228
"493.33591",10.227
"107.04889",10.22
"138.02664",10.205
"505.35394",10.197
"277.21756",10.194
"126.01845",10.192
"372.2142",10.188
"159.06533",10.184
"508.44531",10.176
"415.25508",10.174
"433.3322",10.172
"152.99479",10.168
"200.07257",10.163
"558.27634",10.16
"207.03838",10.157
"298.24689",10.134
"435.23381",10.127
"146.9958",10.121
"527.32077",10.121
"267.23321",10.09
"377.07952",10.08
"511.29184",10.061
"443.2782",10.061
"316.16693",10.058
"391.20863",10.054
"409.31128",10.048
"527.34121",10.039
"269.21253",10.029
"415.97233",10.026
"387.94103",10.012
"454.28942",10.01
"666.49591",10.008
"435.23454",9.9885
"330.23703",9.988
"447.34849",9.985
"203.08218",9.9831
"272.23134",9.9814
"340.33036",9.9761
"289.16586",9.9717
"213.14916",9.9709
"557.45788",9.9586
"345.2283",9.9563
"399.32316",9.9437
"226.96577",9.9417
"437.26775",9.9412
"322.14108",9.9371
"585.48702",9.9362
"811.63775",9.9109
"470.23034",9.8967
"185.04481",9.8928
"152.04231",9.8886
"533.30955",9.8883
"327.29085",9.885
"178.04998",9.8774
"496.26868",9.8658
"307.26462",9.8618
"339.32695",9.8602
"253.0647",9.8588
"530.30219",9.8556
"143.10661",9.8467
"239.20162",9.8398
"512.31338",9.8365
"388.93709",9.8351
"632.31817",9.829
"355.32211",9.815
"617.47649",9.8068
"418.29651",9.8053
"297.24372",9.8015
"390.25023",9.7749
"215.13976",9.7704
"523.23733",9.7562
"386.93984",9.7379
"135.04399",9.7059
"228.13193",9.7022
"99.00739",9.696
"557.45764",9.6934
"463.22366",9.6911
"228.02757",9.6902
"509.35967",9.6758
"432.2069",9.6697
"277.25386",9.6673
"427.35407",9.6666
"495.31451",9.6441
"285.08442",9.6297
"313.23854",9.6294
"380.18284",9.6269
"141.01584",9.6183
"330.16783",9.6131
"308.11986",9.6079
"157.08606",9.6017
"375.32724",9.5986
"466.32543",9.5974
"507.36945",9.591
"271.22817",9.588
"611.50271",9.5676
"493.33598",9.5624
"537.32572",9.5563
"475.2684",9.5528
"392.26602",9.5452
"483.26542",9.5418
"222.00768",9.5389
"309.20507",9.5318
"279.61447",9.5313
"137.06939",9.5178
"469.21588",9.5135
"327.21823",9.4868
"381.26503",9.4764
"477.34375",9.4723
"498.29812",9.4618
"428.87382",9.4461
"527.28642",9.4399
"174.03985",9.4366
"514.33823",9.4258
"481.29942",9.4243
"351.21788",9.418
"510.25328",9.4056
"283.11908",9.398
"339.00804",9.3902
"293.21266",9.3824
"486.22505",9.3815
"191.07069",9.3481
"482.32172",9.3324
"342.2403",9.3111
"276.10925",9.3102
"351.22132",9.3033
"316.96802",9.2993
"209.06629",9.2987
"393.27648",9.2721
"484.20922",9.2691
"137.02337",9.251
"387.11481",9.2506
"130.98255",9.2464
"842.6245",9.2412
"303.23326",9.2393
"121.06477",9.2362
"356.28099",9.2347
"211.07199",9.2341
"311.16891",9.2336
"330.20405",9.2272
"535.30977",9.2233
"114.93279",9.2168
"463.30707",9.2162
"414.3085",9.2068
"306.15453",9.1974
"461.28791",9.189
"468.34149",9.1887
"553.42671",9.1845
"255.23291",9.1698
"460.20637",9.1681
"224.09258",9.1654
"205.07119",9.1577
"123.04404904",9.1572
"237.06138",9.1425
"181.04989",9.1369
"382.22142",9.1333
"345.21088",9.133
"343.26885",9.1251
"459.20307",9.1204
"502.36255",9.1115
"629.51121",9.1045
"413.20048",9.1032
"223.09486",9.1032
"123.04404",9.0993
"483.243",9.0822
"441.24146",9.0719
"367.21072",9.0519
"358.94495",9.046
"383.33671",9.045
"132.0292",9.0385
"657.54641",9.0217
"293.21248",9.0155
"450.31369",9.0066
"403.91911",9.005
"243.19649",8.9986
"482.32085",8.9831
"241.10811",8.9753
"302.98726",8.9587
"560.45564",8.9544
"507.44205",8.9535
"308.2679",8.9489
"803.54024",8.9426
"401.27009",8.9329
"211.1335",8.9294
"537.32567",8.9225
"393.25926",8.9201
"322.94178",8.9174
"363.12058",8.8949
"558.46138",8.8711
"198.07684",8.8609
"319.19192",8.8454
"283.09414",8.8427
"249.1109",8.8411
"194.90501",8.8353
"467.33809",8.8308
"366.23437",8.8253
"414.97112",8.8122
"432.19919",8.8034
"327.13554",8.796
"841.62111",8.7863
"481.29965",8.7809
"304.11939",8.7804
"829.62074",8.7734
"277.07209",8.7658
"448.28354",8.7556
"526.32865",8.7418
"297.24448",8.7299
"409.28663",8.7232
"341.26945",8.723
"309.20499",8.7223
"463.28393",8.7191
"471.24287",8.7178
"407.32833",8.7176
"311.22321",8.7145
"344.20274",8.7099
"365.26996",8.7083
"121.0284",8.7018
"229.10801",8.691
"117.92742",8.6817
"537.3205",8.6667
"379.21335",8.6593
"130.04991",8.6591
"241.09869",8.6587
"99.92438",8.6529
"137.03434",8.6459
"164.92628",8.6358
"306.15459",8.6358
"457.25763",8.6355
"249.14975",8.6297
"372.29109",8.6206
"251.11195",8.6196
"315.25455",8.6176
"465.28368",8.6027
"582.48194",8.5984
"299.00637",8.5963
"805.55984",8.5855
"521.26919",8.5803
"400.95534",8.5782
"402.95245",8.5721
"343.28553",8.5712
"337.15183",8.565
"635.45339",8.5631
"334.21103",8.5579
"169.0497",8.543
"239.11204",8.54
"259.09797",8.5205
"181.06914",8.5013
"107.049",8.5004
"257.21237",8.4954
"417.33789",8.4944
"316.25748",8.4848
"401.95656",8.4837
"629.51486",8.483
"391.26248",8.4717
"327.21819",8.4652
"325.27533",8.4389
"243.22337",8.432
"390.27448",8.4277
"364.1729",8.4272
"455.24208",8.4225
"457.25748",8.4174
"112.03916",8.4081
"231.12353",8.4053
"476.27817",8.4035
"468.15171",8.3895
"542.3237",8.3885
"345.17823",8.3838
"115.0388",8.3794
"237.10338",8.3566
"438.28907",8.3518
"269.21212",8.3507
"389.27011",8.342
"256.16356",8.3403
"363.14585",8.3281
"326.18822",8.3255
"118.91712",8.3204
"365.23675",8.318
"419.28113",8.3086
"173.04485",8.3047
"504.30955",8.2927
"242.94364",8.2892
"301.21754",8.2872
"595.28848",8.2794
"311.22324",8.2755
"566.34648",8.275
"526.32932",8.2603
"363.25217",8.2453
"251.20168",8.2415
"375.26567",8.2283
"272.1619",8.2176
"134.8936",8.2167
"640.5606",8.2078
"529.24265",8.2044
"619.56689",8.1976
"422.26846",8.1844
"181.04977",8.184
"434.33595",8.1797
"298.08704",8.1788
"326.20912",8.169
"265.10595",8.1542
"441.29907",8.139
"116.92731845",8.1367
"453.28233",8.11
"471.25027",8.1044
"194.90513",8.0995
"581.33118",8.0908
"556.446",8.0837
"297.23438",8.0836
"337.23654653",8.0724
"151.03899445",8.0681
"250.14485",8.0402
"370.30464",8.0355
"194.04849",8.0304
"296.26773",8.0212
"138.05497",7.9896
"203.12829",7.9889
"150.05495",7.9849
"273.17129",7.9801
"444.2818",7.9794
"466.32542",7.9618
"345.21085",7.9606
"273.04758",7.9592
"432.24303",7.9549
"78.9576",7.9548
"325.2",7.9445
"390.20374",7.9408
"214.14439",7.9325
"447.16689",7.9272
"155.03388",7.9269
"348.19358",7.9133
"555.44203",7.9105
"587.28711",7.9095
"541.32108",7.902
"287.15003",7.8884
"427.31813",7.8869
"455.24218",7.8713
"116.92737",7.8695
"434.26357",7.8599
"239.09229",7.8455
"329.18354",7.8342
"358.19902",7.8341
"271.04991",7.8238
"209.1542",7.8181
"219.0821",7.8124
"267.09869",7.7986
"158.08123",7.7494
"481.29995",7.7456
"355.20276",7.7412
"579.44023",7.7332
"317.26022",7.7318
"239.12889",7.728
"352.28617",7.6995
"311.22323",7.6973
"434.26802",7.6901
"478.29431",7.6833
"256.083",7.6792
"642.5237",7.6722
"611.51517",7.6649
"363.21582",7.6636
"494.35732",7.6518
"483.33327",7.6455
"621.437",7.6388
"472.2707",7.6387
"176.03776",7.6202
"407.1939",7.6159
"365.23109",7.5843
"513.28895",7.5833
"513.34318",7.5813
"186.11287",7.5755
"262.01821",7.5721
"409.28543",7.5712
"325.27502",7.5688
"414.20387",7.5569
"391.10711",7.549
"213.07797",7.5488
"241.08282",7.5467
"462.26914",7.5395
"383.32815",7.5394
"273.96042",7.536
"402.29405",7.5355
"296.23127",7.5272
"465.32225",7.5253
"225.18571",7.5182
"275.95762",7.495
"256.10371",7.4847
"589.51742",7.4842
"277.06711",7.4798
"476.26283",7.4634
"241.18083",7.4614
"431.31697",7.4594
"405.26463572",7.4562
"364.2192",7.456
"245.09339",7.4547
"563.31858",7.4516
"127.00014",7.4507
"394.26262",7.4396
"401.26574",7.4088
"243.19645",7.4079
"407.28059",7.4039
"215.08239",7.3996
"275.14035144",7.3967
"215.09203",7.3931
"180.0659",7.3929
"207.06564",7.3729
"483.26961",7.3728
"274.95684",7.3469
"461.29135",7.3411
"307.19539",7.3275
"319.15748",7.3267
"116.92735683",7.3244
"376.1041",7.3235
"781.56317",7.3219
"272.95942",7.3079
"159.06528",7.2901
"117.92743",7.2822
"565.33419",7.282
"256.05933",7.2622
"279.22342",7.2587
"262.12019",7.25
"257.17569",7.25
"305.15083",7.2487
"270.25214",7.2482
"445.31621",7.2408
"225.18564",7.2349
"269.2489",7.2267
"612.51909",7.2263
"371.17498",7.2173
"451.34316",7.2139
"208.96055",7.2071
"462.27082",7.206
"583.49449",7.1936
"364.28069",7.1865
"328.22149",7.1743
"199.13342",7.1657
"468.28126",7.1646
"130.0862",7.1596
"293.21258",7.1586
"429.21201",7.1491
"367.21264",7.1352
"431.20317",7.1262
"248.00252",7.1182
"202.09068",7.1123
"437.26802",7.107
"511.25602",7.0922
"337.20032",7.0843
"408.28409",7.0687
"214.01751",7.0648
"480.32344",7.0591
"257.06713",7.0569
"161.06927",7.0538
"539.31889",7.0516
"277.18097",7.0491
"293.08847",7.0486
"617.53439",7.0465
"218.103",7.0463
"215.12854",7.0397
"543.25549",7.0393
"264.92778",7.0349
"137.02327",7.0302
"195.04851",7.0135
"277.15611",7.0128
"481.28232",7.0103
"136.89057",7.0102
"328.22473",7.0082
"623.30901",7.0006
"127.03888",6.997
"391.2859",6.9959
"467.32959",6.9941
"243.08477",6.983
"434.31785",6.9686
"377.23679",6.9685
"214.18883",6.9647
"398.22435",6.9646
"659.52618",6.9573
"179.03431",6.9516
"312.17264",6.95
"327.21813",6.9466
"376.18828",6.9436
"417.26519",6.939
"155.10677",6.9368
"255.23308",6.9314
"108.04426",6.9292
"792.57727",6.9275
"116.92731381",6.9274
"288.08795",6.925
"294.21598",6.9214
"613.32046",6.8902
"467.29726",6.8818
"455.41104",6.873
"217.07156",6.864
"784.58182",6.8523
"401.28081",6.8431
"225.1128",6.8421
"131.98335",6.8272
"343.11127",6.8267
"373.27468",6.8266
"367.2467",6.8205
"318.1543",6.8179
"335.14576",6.8134
"325.18449",6.8002
"248.07772",6.7938
"133.04658",6.773
"102.95553",6.7717
"369.10427",6.7684
"130.08625",6.7636
"365.2308",6.7617
"203.0557",6.758
"533.36031",6.7578
"311.16862",6.7512
"311.16921",6.7482
"479.33757",6.7461
"298.14512",6.7439
"497.29485",6.7383
"564.33092",6.7313
"387.18923",6.7216
"541.32058",6.7212
"322.14952",6.7164
"158.97769",6.7034
"527.29959",6.7003
"538.32113",6.6971
"436.28368",6.6969
"387.22515",6.695
"395.27474",6.6934
"438.2632",6.6913
"415.20853",6.6767
"461.268",6.6759
"272.23105",6.6726
"381.23202",6.6725
"397.33271",6.6653
"348.22658",6.6629
"496.29658",6.657
"231.13455",6.6474
"271.22792",6.6396
"513.21073",6.6359
"244.08273",6.6314
"266.08905",6.6255
"268.07677",6.6241
"143.07034",6.6158
"547.38691",6.6144
"639.55732",6.6135
"363.21583",6.6133
"296.23142",6.6096
"87.00733",6.6053
"135.04406760",6.6035
"297.15339",6.6035
"483.30549",6.5961
"415.30648",6.5893
"300.12046",6.5832
"489.21378",6.5808
"356.28088",6.5797
"598.51336",6.5766
"177.02191",6.5717
"653.49186",6.5695
"455.28607",6.5624
"624.33076",6.5489
"349.20563",6.5477
"238.07739",6.5334
"116.92742",6.5292
"225.11287",6.5165
"615.51851",6.5138
"261.07633",6.5076
"222.07693",6.5049
"541.32091",6.495
"281.04595",6.4923
"466.30525",6.4825
"144.04445",6.4756
"777.53229",6.4665
"446.32785",6.4621
"166.04991",6.458
"353.2012",6.4479
"651.42964",6.4461
"94.97946",6.446
"327.20769",6.4352
"307.12383",6.4263
"88.03897",6.4252
"415.21629",6.4224
"423.2872",6.4149
"554.30195",6.4126
"453.28611",6.4109
"207.04837",6.4018
"378.20377",6.4014
"146.1002",6.3892
"288.15677",6.3867
"437.28682",6.3857
"142.04997",6.3842
"413.20029",6.3747
"483.33291",6.3694
"816.54014",6.3626
"520.26596",6.36
"188.00959",6.3568
"248.09301",6.342
"316.25768",6.3312
"353.14295",6.3245
"521.24368",6.3181
"259.98043",6.3178
"331.23173",6.3088
"468.25121",6.3054
"481.31759",6.2994
"174.08436",6.2956
"186.11277",6.2929
"392.26344",6.2883
"149.02676",6.2844
"453.2862",6.2722
"614.32378",6.2677
"252.08762",6.2653
"347.25908",6.2628
"215.16487",6.2592
"338.23648",6.2491
"496.33629",6.2476
"101.05952",6.2461
"373.57378",6.2456
"581.33372",6.2448
"440.25041",6.2357
"180.03805",6.2181
"395.24438",6.2178
"220.061",6.216
"269.21218",6.1892
"405.26516",6.1868
"460.27643",6.1823
"128.98885",6.1768
"343.21281",6.1766
"325.18462",6.173
"253.14459",6.1669
"350.10972",6.1645
"381.15569",6.1639
"657.54673",6.1588
"827.64191",6.154
"201.11268",6.1532
"309.20746",6.1507
"241.10577",6.1466
"301.99164",6.1316
"273.23413",6.1269
"395.1898",6.1257
"390.27331",6.1183
"268.16133",6.1144
"274.03342",6.0908
"573.45267",6.0856
"216.16803",6.082
"144.02921",6.078
"321.14999",6.072
"435.27575",6.0718
"488.27687",6.0637
"394.28094",6.0595
"342.26527",6.0561
"413.09967",6.0535
"350.25517",6.0517
"435.31178",6.0513
"381.3377",6.0487
"245.96453",6.0461
"538.32966",6.044
"173.08111",6.0249
"451.27051",6.018
"357.21464",6.0165
"129.01831",6.0054
"497.33036",6.002
"521.26935",5.9983
"287.97614",5.9886
"365.14661",5.9877
"267.2326",5.9861
"479.32001",5.9859
"629.51855",5.9804
"319.11543",5.9791
"544.44276",5.9719
"337.23332",5.9715
"551.26849",5.9703
"186.07644",5.9668
"145.09722",5.9658
"495.36912",5.956
"523.36376",5.9549
"385.30773",5.9461
"268.2365",5.9455
"315.25415",5.9387
"282.25186",5.9348
"337.23654",5.9339
"182.0816",5.9312
"135.04406",5.9276
"342.24013",5.9139
"134.04613",5.9096
"433.33258",5.909
"499.30966",5.9016
"203.03202",5.8931
"192.06601",5.8898
"377.28142",5.8871
"472.28131",5.8818
"147.06523102",5.8798
"375.13154",5.8769
"138.05494",5.8762
"243.09837",5.8709
"388.3073",5.8701
"116.92735",5.8621
"314.11541",5.8446
"564.50753",5.8442
"241.14445",5.8424
"411.18518",5.8366
"265.09314",5.8355
"535.29179",5.8349
"267.15798",5.8229
"575.46865",5.81
"295.26446",5.8099
"471.26742",5.8061
"228.05125",5.8048
"336.23957",5.8025
"109.03387",5.7962
"507.36923",5.7961
"585.49157",5.7894
"439.29681",5.7873
"368.24973",5.7853
"241.21724",5.7842
"417.33776",5.7696
"300.99058",5.7693
"495.33333",5.7637
"213.11273",5.756
"487.27334",5.7371
"294.61982",5.7266
"359.27083",5.7261
"155.03402",5.7211
"281.13968",5.7208
"573.48618",5.7177
"597.41146",5.7058
"439.29644",5.7022
"239.05605",5.6966
"323.18994",5.6952
"291.09882",5.6925
"525.27037",5.6911
"219.05064",5.6904
"186.11289",5.6868
"494.2281",5.6819
"428.26551",5.6799
"183.10169",5.6756
"494.33901",5.6661
"247.15486",5.664
"267.06678",5.6635
"287.06738",5.6593
"160.03948",5.657
"444.31198",5.654
"359.15739",5.6525
"229.14429",5.6477
"389.27043",5.6451
"568.32579",5.6317
"471.26916",5.6283
"335.236",5.6264
"498.35201",5.6256
"242.21987",5.6236
"253.09319",5.6227
"589.52045",5.619
"545.31508",5.6187
"116.92733",5.6181
"297.0983",5.6093
"299.25888",5.6013
"433.21875",5.596
"615.53826",5.5812
"258.05326",5.5767
"330.10789",5.5612
"353.30648",5.5598
"93.04441",5.5508
"359.17164",5.5495
"397.17703",5.548
"155.10674",5.5473
"256.15575",5.5446
"289.94905",5.5412
"199.06069",5.5342
"395.17579",5.5341
"194.90511",5.5254
"144.04441645",5.5242
"244.1745",5.5188
"658.55011",5.5173
"500.31325",5.5113
"563.34352",5.4992
"381.22866",5.4976
"429.29743",5.4964
"141.01833",5.4871
"639.49584",5.4858
"93.03314",5.4804
"455.24792",5.47
"265.14806",5.4654
"327.29068",5.4596
"510.23711",5.4575
"487.23801",5.4557
"429.25257",5.454
"229.08278",5.4515
"278.61227",5.4439
"449.25577",5.4418
"416.30961",5.4357
"511.2737",5.4307
"224.09255",5.4178
"457.33277",5.4164
"117.92746",5.4153
"397.22112",5.4141
"264.08792",5.4116
"287.22305",5.4052
"387.15467",5.4034
"187.03693",5.4017
"631.51572",5.3982
"258.97954",5.3973
"530.42755",5.3823
"347.22643",5.3779
"175.02411",5.3776
"419.28073",5.3771
"463.34359",5.3757
"576.472",5.3753
"327.06658",5.3736
"523.23654",5.3697
"427.26208",5.3545
"107.04899",5.3497
"545.38028",5.3451
"438.29417",5.342
"293.17956",5.3388
"311.16216",5.3343
"231.06807",5.3327
"529.42413",5.315
"366.22631",5.3108
"513.31583",5.308
"215.16473",5.3037
"375.25212",5.2998
"206.04539",5.2983
"241.09224",5.2938
"168.07123",5.2921
"371.18988",5.2854
"409.29625",5.2734
"225.00722",5.2674
"220.02235",5.2588
"137.0597942",5.2551
"234.11351",5.2546
"607.31412",5.2525
"402.29422",5.2476
"521.45763",5.2471
"473.30344",5.2376
"466.30576",5.2271
"189.07625",5.2254
"487.23757",5.2179
"339.20742",5.2087
"451.33333",5.2057
"272.23124",5.2039
"447.34762",5.2005
"639.55728",5.1985
"323.29606",5.1872
"381.19232",5.1832
"193.04994",5.1716
"109.02822",5.1713
"340.20374",5.1595
"194.08163",5.1272
"209.08159",5.1241
"218.08544",5.116
"406.2685",5.1075
"351.3269",5.1017
"158.08123482",5.1017
"243.1601",5.0961
"281.17368",5.0957
"273.17119",5.0882
"653.49156",5.074
"595.49447",5.0555
"377.23666",5.0536
"594.48258",5.0525
"131.0365",5.0463
"163.05819",5.0442
"229.08674",5.0394
"284.26722",5.037
"121.02841",5.0365
"328.24978",5.0354
"596.32325",5.0347
"259.13216",5.0274
"293.17612",5.0259
"345.22869",5.0221
"477.26281",5.0207
"186.03987",5.0185
"113.02322",5.0146
"187.00637",5.007
"516.2939",5.0057
"465.35891",5.0018
"137.0596",5.0006
"828.64465",4.9919
"335.22085",4.988
"273.20764",4.985
"161.04457",4.9786
"550.31541",4.9664
"367.10404",4.9633
"393.26497",4.9619
"116.92734429",4.9613
"349.08686",4.9613
"469.25773",4.9427
"559.47563",4.9359
"232.02846",4.9351
"119.03371",4.9319
"159.97819",4.9306
"444.31251",4.9289
"448.35195",4.9142
"160.03943",4.9116
"305.1013",4.8965
"71.01242",4.8861
"285.13276",4.8764
"451.27059",4.8758
"167.0341",4.8602
"285.27018",4.8533
"463.24734",4.8427
"543.43924",4.8394
"435.27562",4.8393
"560.47915",4.834
"201.10567",4.8207
"384.23689",4.819
"311.22319",4.8156
"499.30975",4.8151
"319.2223",4.815
"102.05473",4.8134
"212.05615",4.7981
"373.16368",4.7958
"314.24213",4.7877
"350.17267",4.7842
"485.22197",4.7755
"499.35445",4.7755
"193.05001",4.7719
"298.57048",4.769
"85.02804",4.7541
"275.08931",4.7433
"593.35948",4.7409
"282.25221",4.7386
"321.14612",4.735
"193.04986",4.7337
"449.29161",4.7235
"337.20584",4.7211
"492.33384",4.7169
"314.20923",4.7154
"551.30522",4.711
"205.07138",4.7104
"439.28567",4.7073
"569.27328",4.7073
"269.21246",4.7004
"345.14529",4.6975
"172.02188",4.695
"529.32026",4.6903
"265.1195",4.6884
"283.26458",4.6781
"99.92445",4.6689
"403.2969",4.6622
"375.18485",4.654
"318.22866",4.6404
"347.24434",4.6366
"111.08033",4.6339
"405.26503",4.6217
"525.38028",4.6067
"363.14561",4.6047
"573.49156",4.6022
"445.33288",4.6016
"99.00741",4.5957
"114.0185",4.5774
"349.1712",4.5733
"783.57878",4.5698
"496.31031",4.5694
"285.20705",4.5691
"278.15935",4.5672
"141.01582",4.5644
"297.28022",4.5614
"279.86128",4.5555
"481.31719",4.5508
"373.17339",4.5353
"483.25646",4.5317
"475.28932",4.5288
"277.15595",4.5208
"101.0231",4.5172
"271.22828",4.5161
"191.05523",4.5111
"281.06715",4.5089
"495.26597",4.504
"364.18857",4.4927
"79.95606",4.4888
"148.04276",4.4788
"180.03268",4.4719
"116.92735993",4.4696
"453.2864",4.4678
"327.25439",4.4589
"483.32538",4.4561
"305.17616",4.4554
"609.18242",4.4533
"225.09901",4.4515
"497.29464",4.4513
"296.01555",4.4481
"301.20238",4.4422
"96.9682",4.4402
"339.21572",4.4369
"159.10167",4.4362
"481.18811",4.4329
"280.90852",4.4329
"612.51073",4.4301
"142.03215",4.4249
"611.50754",4.4241
"211.07196",4.4192
"232.0826",4.4105
"286.13614",4.4083
"422.26357",4.4081
"476.26271",4.4058
"236.09603",4.4035
"497.24169",4.4034
"460.27653",4.3975
"270.21585",4.3897
"143.03377",4.3726
"399.27549",4.3649
"448.30728",4.3628
"271.06164",4.3614
"484.24583",4.3593
"504.33339",4.3546
"294.18308",4.3532
"257.0067",4.3519
"315.245",4.3392
"498.31559",4.3359
"233.15448",4.3355
"323.07722",4.3348
"407.25752",4.3286
"597.3049",4.3286
"400.27823",4.3219
"428.26534",4.3209
"304.9147",4.303
"365.231",4.2956
"253.05066",4.2856
"257.10339",4.2854
"240.05144",4.2722
"312.22649",4.2625
"395.12019",4.2616
"112.9845",4.2612
"254.21996",4.2597
"134.02367",4.2536
"103.0388",4.248
"257.16618",4.2468
"346.23175",4.2468
"301.23855",4.2441
"241.18076",4.2438
"349.25175",4.2427
"295.11235",4.2377
"597.50998",4.2283
"558.46131",4.2264
"497.34887",4.2171
"160.03945",4.2019
"228.08735",4.2013
"116.04939",4.1985
"316.15314",4.1945
"383.24197",4.194
"295.22798",4.1852
"512.47659",4.1791
"187.00912",4.1776
"213.18554",4.177
"246.09847",4.1744
"116.9273110",4.1703
"574.45609",4.1697
"595.53073",4.1691
"421.26017",4.1518
"610.51347",4.1497
"253.21739",4.147
"350.23964",4.1461
"511.47326",4.1456
"415.27044",4.1445
"280.02877",4.1427
"255.22343",4.1146
"176.07067",4.0891
"537.48893",4.063
"181.1225982",4.0581
"130.08631",4.0581
"333.20757",4.0536
"491.28669",4.0519
"324.02341",4.0416
"513.47972",4.0393
"525.33072",4.0227
"244.96378",4.0203
"599.52557",4.0195
"138.05496",4.0038
"394.88954",3.9985
"281.88376",3.9936
"250.09324",3.9903
"243.19647",3.9876
"343.28526",3.9873
"407.29163",3.9817
"600.52894",3.9805
"299.95639",3.9768
"253.21746",3.967
"555.29973",3.9561
"173.9938",3.9514
"253.11921",3.9459
"522.32638",3.9373
"462.3311",3.931
"399.27546",3.9295
"335.17643",3.9276
"478.39567",3.927
"601.53199",3.9214
"497.29481",3.9207
"312.25488",3.9186
"638.53469",3.9184
"399.18482",3.9155
"241.01186",3.913
"415.17993",3.913
"477.39231",3.9126
"507.27289",3.9082
"183.04831",3.9065
"514.32924",3.9035
"409.27133",3.8968
"471.26722",3.8902
"377.13655",3.8898
"511.2738",3.8836
"382.1958",3.8832
"99.9244",3.8826
"273.17077",3.8781
"615.49514",3.8672
"273.06223",3.8602
"331.20741",3.8509
"559.47118",3.845
"269.09369",3.832
"176.03433",3.8318
"404.27384",3.8296
"258.13236",3.8276
"195.06548",3.8158
"172.99336",3.8131
"277.14465",3.807
"312.29928",3.803
"609.50998",3.7981
"173.1033",3.7948
"242.17613",3.7864
"212.0746",3.7861
"256.23506",3.7846
"659.52505",3.7816
"172.09708",3.7802
"311.29604",3.7692
"297.24343",3.768
"413.19276",3.7653
"454.28392",3.7636
"146.96024",3.7605
"580.32816",3.7525
"355.30478",3.751
"221.07921",3.7457
"256.13245",3.7352
"343.20281",3.7346
"339.18869",3.7238
"311.22315",3.7192
"343.21276",3.7165
"539.324",3.7122
"335.18692",3.7016
"259.05951",3.6957
"403.29649",3.6886
"280.62111",3.6829
"551.30447",3.6795
"522.28331",3.675
"258.21542",3.6743
"271.22812",3.6701
"116.92737163",3.6683
"525.32588",3.666
"116.92734867",3.662
"501.32196",3.653
"281.1737",3.6511
"360.105",3.6447
"335.22078",3.6341
"392.2473",3.6323
"155.10673",3.6238
"223.0973",3.6231
"275.15067",3.6117
"193.08965",3.6109
"111.01869",3.6072
"348.22386",3.598
"467.2977",3.5966
"283.22814",3.5926
"467.27783",3.5919
"342.26538",3.5821
"574.45547",3.5821
"327.25454",3.5715
"272.23134359",3.5626
"249.06159",3.5604
"495.33335",3.5594
"361.22347",3.5557
"280.02064",3.549
"577.42392",3.5454
"363.17701",3.5418
"456.27199",3.5299
"213.0874",3.5238
"375.24429",3.5233
"255.23318",3.521
"487.3202",3.5182
"116.92733742",3.5128
"345.17114",3.511
"334.17755",3.5074
"563.50425",3.498
"94.02843",3.4926
"293.12445",3.4907
"269.21222",3.4812
"117.03328",3.4779
"275.1272",3.475
"367.3584",3.4695
"199.09687",3.4452
"375.26742",3.4429
"183.0482",3.4186
"399.1846",3.4165
"116.92735599",3.4107
"317.19734",3.4102
"75.00735",3.4095
"317.15085",3.4004
"553.32073",3.3998
"296.19256",3.3946
"242.06719",3.3921
"459.27344",3.3893
"188.10324",3.3751
"368.31731",3.3741
"433.2602",3.3739
"345.2287",3.3675
"406.26836",3.365
"561.47921",3.3583
"295.26456",3.357
"301.2653",3.3551
"545.32346",3.3433
"135.04402",3.3412
"581.51525",3.3406
"386.17282",3.335
"584.32084",3.3343
"431.35292",3.3312
"262.93039",3.3244
"382.29673",3.3239
"458.26092",3.3185
"421.22651",3.3097
"165.0548",3.3065
"125.03453",3.3044
"257.17575",3.2946
"471.27863357",3.293
"389.19265",3.2725
"209.08149",3.2678
"267.14397",3.2648
"447.33103",3.2636
"521.33041",3.2566
"465.23194",3.2526
"150.04122",3.2484
"293.1036",3.2457
"151.01455",3.2421
"303.13521",3.242
"521.33234",3.2296
"184.03527",3.2263
"116.92736",3.224
"273.12466",3.2168
"299.2494",3.2054
"420.23004",3.1966
"536.31361",3.1936
"447.34842",3.1933
"450.33088",3.1923
"318.13079",3.1909
"289.09332",3.19
"366.23461",3.1775
"510.28965",3.1592
"202.10774",3.154
"617.51107",3.1514
"300.19322",3.1477
"361.08226",3.1452
"465.30491",3.1387
"452.27895",3.1371
"361.16409",3.1258
"114.98752",3.122
"340.21904",3.1158
"465.3046",3.114
"283.26452",3.1074
"269.04572",3.1027
"286.09376",3.1006
"147.0289",3.0896
"498.34356",3.089
"441.24009",3.0834
"273.12499",3.0809
"104.03404",3.0728
"441.30116",3.0707
"200.04047",3.0681
"397.25988",3.0622
"257.23854",3.0514
"115.98835",3.0388
"250.10849",3.0344
"308.09931",3.0287
"117.01816",3.027
"267.23316",3.0192
"707.54677",3.0079
"116.92736426",3.001
"293.24901",3.0005
"311.22309",2.9985
"286.97502",2.9863
"595.34076",2.9852
"295.18922",2.9766
"614.52616",2.9758
"521.33069",2.9747
"596.52612",2.9657
"302.26696",2.9646
"255.23314",2.9505
"178.05003",2.9502
"313.23871",2.9466
"429.23194",2.9465
"493.35337",2.9415
"463.32651",2.938
"344.18323",2.9359
"281.10312",2.9322
"239.20153",2.9275
"260.11435",2.9236
"292.10435",2.9149
"116.92735821",2.9139
"116.92733331",2.9109
"474.28641",2.91
"185.08117",2.9057
"189.03976",2.9014
"393.2909",2.8998
"147.06334",2.895
"288.97225",2.8942
"363.25228",2.8901
"311.22312616",2.8813
"248.09293",2.875
"449.3277",2.868
"365.24674",2.8617
"322.20837",2.8609
"365.23117",2.8591
"496.26852",2.8565
"525.28908",2.8528
"447.34858",2.8478
"493.34665",2.8415
"128.03423",2.8342
"498.35227",2.8316
"321.205",2.8304
"174.95534",2.8232
"364.21119",2.8219
"297.24376",2.8158
"201.07635",2.8156
"287.15046",2.8065
"125.00941",2.8008
"268.23654",2.8001
"649.44259",2.7998
"346.16218",2.7993
"193.07114",2.7983
"285.20723",2.7982
"569.51505",2.7979
"459.27324",2.7941
"229.2078",2.7938
"259.19158",2.7932
"493.31699",2.7904
"244.09364",2.7883
"563.50457",2.78
"291.16042",2.7741
"365.34259",2.773
"595.28882",2.7709
"171.13809",2.7653
"483.33334",2.7613
"275.20199",2.7317
"393.27801",2.7309
"484.3364",2.7251
"412.28627",2.7106
"433.3324",2.6963
"570.51843",2.6951
"245.09316",2.6934
"381.23226",2.6902
"313.23858",2.69
"217.10781",2.6888
"87.04368",2.6619
"316.15176",2.6615
"423.27572",2.6599
"391.26239",2.655
"235.04298",2.6388
"144.04441",2.6324
"118.91713",2.6311
"359.17182",2.6289
"381.19248",2.623
"116.92735307",2.6198
"101.05949",2.6166
"183.06562",2.6132
"356.32566",2.6121
"329.23346",2.6102
"491.21113",2.6039
"228.20422",2.5955
"247.08254",2.5953
"355.32217",2.5855
"392.2658",2.5727
"382.33307",2.5703
"400.27889",2.5628
"495.33331",2.5608
"501.35907",2.5584
"461.2781",2.5552
"394.26244",2.5545
"623.55245",2.5514
"462.32293",2.545
"817.54318",2.5404
"571.49451",2.5383
"313.17476",2.5348
"381.21597",2.5232
"505.26285",2.511
"227.20134",2.508
"424.24726",2.4987
"323.22047",2.4936
"433.21874",2.4837
"572.29246",2.4831
"135.03011",2.4787
"173.04478",2.4747
"501.20609",2.4738
"408.25211",2.4733
"357.21467",2.4589
"479.28428",2.4537
"645.41062",2.4489
"271.08278",2.4339
"146.04483",2.433
"225.07657",2.428
"245.06682",2.4257
"367.24927",2.4242
"451.32839",2.4225
"571.52145",2.4109
"609.4922",2.4016
"340.22457",2.3916
"173.08095",2.3892
"278.21985",2.3864
"487.23773",2.374
"405.21439",2.3729
"220.09765",2.366
"378.30127",2.3648
"124.03921",2.3629
"391.15112",2.3425
"146.06001",2.3418
"371.18993",2.3396
"500.33165",2.3352
"123.04404647",2.3343
"491.32039",2.3341
"384.14537",2.3307
"427.26162",2.3231
"134.05987",2.3176
"651.55707",2.3131
"497.29498",2.3118
"257.17596",2.3042
"479.33831",2.304
"381.2265",2.2905
"273.17118",2.2823
"505.2623",2.2775
"385.12985",2.2764
"487.32018",2.2635
"300.26067",2.2615
"146.02372",2.2551
"339.21579",2.2543
"262.09357",2.2526
"363.20994",2.2445
"559.47318",2.233
"677.44567",2.2275
"391.24374",2.2264
"231.08726",2.2205
"323.09906",2.2162
"319.13145",2.2149
"287.07731",2.214
"560.47653",2.2138
"566.51349",2.209
"277.0931",2.2085
"315.20977",2.208
"396.34868",2.2065
"188.97117",2.1978
"183.06534",2.1965
"299.18673",2.1816
"294.11984",2.1815
"257.21232",2.1794
"147.02892",2.174
"116.92743",2.1735
"265.21745",2.1648
"257.12945",2.1622
"595.49472",2.1547
"555.44256",2.1499
"227.13965",2.1463
"284.25678",2.1439
"156.06567",2.1413
"393.2319",2.1316
"191.05349",2.1209
"467.29285",2.1198
"568.33066",2.1153
"708.55057",2.1138
"347.23635",2.113
"324.22416",2.1056
"247.11865",2.105
"371.23026",2.1036
"225.06131",2.1002
"475.26819",2.0991
"116.92732",2.0988
"176.05543",2.0986
"298.24663",2.093
"223.08212",2.0776
"254.06696",2.0764
"377.12507",2.0714
"473.25252",2.0687
"304.10437",2.0649
"151.02522",2.0642
"299.2597",2.0571
"464.30985",2.0553
"135.04396",2.0466
"179.10687",2.0411
"637.53192",2.0379
"270.25213",2.0372
"309.1743",2.0361
"165.02966",2.0347
"199.09711",2.0305
"364.87049",2.0149
"612.34767",2.0133
"277.21765",2.0118
"233.06655",2.0076
"144.04443",2.0051
"636.52891",2.0042
"301.26376",2.0039
"311.22312",1.9994
"116.92737741",1.9909
"499.32796",1.9819
"239.12624",1.9788
"216.04866",1.9714
"533.31035",1.9651
"295.22781",1.9603
"314.1252",1.9478
"255.1603",1.9469
"485.33898",1.9451
"246.96148",1.9264
"225.11275",1.925
"122.03176",1.9237
"388.30736",1.922
"613.52306",1.9186
"331.15574",1.9137
"115.00257",1.9128
"477.28222",1.9088
"512.31319",1.9039
"533.45525",1.8907
"188.03257",1.8863
"210.07679",1.884
"312.2265",1.8748
"241.1806",1.8746
"440.27665",1.8737
"635.52579",1.8715
"386.23736",1.8711
"339.20007",1.87
"392.21951",1.8688
"398.32762",1.8652
"283.25356",1.8598
"551.3051",1.8493
"360.27439",1.8333
"367.15883",1.8305
"257.12968",1.8263
"379.21312",1.8135
"273.11128",1.8084
"389.26994",1.7983
"316.25731",1.7938
"255.63075",1.7843
"258.03847",1.7816
"401.2907",1.7743
"472.24203",1.7632
"465.35882",1.7554
"383.0892",1.7553
"444.2816",1.7535
"534.45862",1.7488
"430.26224",1.734
"575.46836",1.7335
"429.19597",1.7334
"318.16744",1.7294
"381.22631",1.7066
"381.32069",1.7051
"568.5394",1.6921
"385.17341",1.6904
"573.45236",1.6902
"424.29085",1.6831
"211.13358",1.6724
"337.09377",1.6595
"242.22021",1.6516
"178.05009",1.6497
"333.28017",1.6487
"482.26587",1.6446
"248.11408",1.6355
"449.24428",1.6331
"412.28946",1.6313
"417.2863",1.6258
"388.25828",1.6252
"340.20347",1.6223
"275.18658",1.6218
"453.28151",1.6181
"459.27288",1.6146
"508.35602",1.607
"310.28339",1.603
"392.28888",1.6003
"110.02351",1.5968
"283.11903",1.5967
"379.24699",1.5944
"567.53597",1.5924
"462.2488",1.5882
"206.08179",1.5878
"482.35727",1.5811
"377.27325",1.5808
"281.23803",1.5772
"417.28743",1.5713
"189.03978",1.5699
"241.14421",1.5678
"279.23344",1.565
"418.21423",1.5608
"454.23551",1.5573
"215.10337",1.557
"400.18712",1.5504
"157.08602",1.5472
"403.27033",1.5402
"280.23453",1.5381
"521.33026",1.5368
"421.13728",1.5213
"289.09226",1.5188
"497.34078",1.517
"391.28889",1.5155
"385.16971",1.5066
"281.24872",1.5065
"120.9831",1.5056
"409.34402",1.5035
"397.16915",1.5031
"432.3117",1.4986
"537.3277",1.4981
"136.03932",1.4948
"116.92734",1.4904
"389.30594",1.49
"311.28658",1.4879
"311.16902",1.4871
"271.08842",1.4816
"511.30951",1.4745
"781.56305",1.4722
"314.27868",1.472
"552.20389",1.4674
"351.22165",1.4672
"285.18609",1.4638
"588.51027",1.4536
"265.14808",1.4346
"311.17651",1.4345
"162.05501",1.429
"283.11421",1.4249
"281.24908",1.4247
"264.12422",1.42
"188.0346",1.4121
"297.28021",1.4044
"96.95879",1.403
"303.1353811",1.3979
"157.01325",1.3925
"311.14047",1.3865
"594.55483",1.3839
"285.24375",1.3832
"330.237",1.3739
"165.01843",1.3633
"477.21338",1.3599
"263.14002",1.3527
"585.30222",1.3518
"412.34371",1.3478
"342.24019",1.3474
"511.31019",1.3472
"117.01813",1.3388
"631.49399",1.3346
"309.28032",1.3219
"593.55079",1.3209
"116.04934",1.3073
"326.18796",1.3054
"283.1552",1.2923
"338.31505",1.2878
"346.20842",1.2789
"169.04003",1.2788
"386.17267",1.2729
"196.06085",1.2674
"117.92748",1.2527
"505.33569",1.2506
"340.18796",1.2496
"222.04024",1.2479
"210.07677",1.2433
"114.93286",1.2373
"346.21112",1.2338
"376.22474",1.2267
"323.22066",1.2248
"344.21939",1.2247
"380.21646",1.2235
"345.20515",1.2231
"407.28075",1.216
"393.25898",1.2147
"329.23368",1.2137
"337.31174",1.212
"587.35888",1.2078
"116.9273619",1.2076
"159.06519",1.2068
"587.50716",1.2036
"457.25784",1.1991
"438.2944",1.1987
"481.35398",1.1979
"319.24129",1.1927
"347.22076",1.1918
"313.166",1.1861
"368.21417",1.1846
"517.31493",1.1813
"564.50775",1.1794
"569.54265",1.17
"681.29672",1.152
"328.25774",1.1497
"121.02834",1.1434
"435.23735",1.1361
"232.11871",1.1345
"682.30022",1.1338
"693.50501",1.1314
"451.30614",1.1295
"407.28067",1.1256
"221.06642",1.1156
"483.35965",1.1125
"347.22051",1.1078
"199.06041",1.0906
"339.20016",1.0893
"605.29772",1.0718
"432.17521",1.0625
"469.2271",1.0609
"192.06599",1.0604
"285.24369",1.0598
"236.09245",1.0585
"349.23626",1.055
"255.23313",1.0519
"233.0854",1.0494
"803.54499",1.0487
"192.05886",1.0449
"314.24214915",1.0288
"660.52945",1.0277
"351.25236",1.0254
"285.17108",1.0241
"182.04513",1.0089
"439.2472",1.0065
"471.265",1.0062
"233.1391",1.0057
"129.05456",1.0031
"220.08235",0.99052
"288.10959",0.98907
"377.17909",0.98348
"168.02694",0.96202
"520.32784",0.93807
"122.02368",0.9204
"515.26828",0.9149
"556.31722",0.91356
"245.06684",0.90525
"144.04442",0.9012
"503.2912",0.89058
"413.30659",0.88774
"311.29596",0.88738
"315.25422",0.88691
"565.51101",0.87029
"263.12917",0.86993
"236.05651",0.8664
"382.22989",0.85642
"305.13552",0.85567
"377.14315",0.85553
"429.23211",0.84905
"380.31737",0.84796
"116.92738",0.84209
"471.26723",0.83983
"488.24046",0.83749
"140.05354",0.83434
"338.27051",0.83264
"521.29367",0.83056
"286.17455",0.82009
"309.08338",0.81748
"632.49771",0.81378
"199.09697",0.80359
"281.08832",0.79849
"357.21809",0.79273
"506.31194",0.79214
"393.32098",0.7767
"231.0187",0.76134
"633.50057",0.75838
"498.3523",0.7581
"450.26315",0.75803
"317.15102",0.74676
"535.31023",0.74133
"99.04377",0.74089
"611.40891",0.7358
"199.13335",0.72524
"313.23847",0.72492
"446.2917",0.72477
"312.29923",0.72236
"321.21096",0.7175
"257.12951",0.71172
"312.17256",0.71108
"222.0404",0.70787
"363.21573",0.70713
"497.34894",0.70571
"375.10916",0.68704
"453.23192",0.68458
"116.92739828",0.66664
"782.56662",0.65576
"394.29648",0.65309
"200.1729",0.64549
"513.3437",0.64259
"296.26792",0.61554
"199.16972",0.60647
"572.49786",0.60546
"325.18466",0.59033
"224.0563",0.58688
"268.12734",0.58071
"109.00305",0.57187
"637.51732",0.56909
"583.46057",0.56804
"407.28079",0.56149
"274.105",0.55835
"441.12582",0.55242
"395.33627",0.55031
"287.05659",0.54298
"145.03978",0.54283
"437.29098",0.53335
"335.29608",0.53331
"424.27932",0.52788
"509.294",0.52389
"483.24248",0.51222
"133.03248",0.51039
"535.2382",0.50936
"284.12236",0.49296
"94.97941",0.49083
"144.99824",0.48677
"116.92733126",0.48109
"811.67788",0.47742
"96.95871",0.46729
"174.08768",0.46728
"622.54974",0.46573
"190.07146",0.45904
"348.22409",0.45882
"267.12404",0.45709
"488.9026",0.45309
"311.09891",0.44792
"274.00373",0.44612
"586.48974",0.44361
"273.0682",0.4434
"310.92788",0.43376
"582.4585",0.42022
"585.48644",0.41693
"631.49448",0.41615
"233.08175",0.41592
"190.05025",0.41383
"443.21119",0.41339
"354.30154",0.41195
"251.07767",0.40648
"99.92441",0.40611
"621.50742",0.40469
"200.05592",0.39819
"488.2762",0.39225
"237.08814",0.38545
"171.06535",0.37849
"302.15132",0.37594
"131.08155",0.36725
"238.07185",0.36057
"138.01865",0.34732
"622.5108",0.34488
"203.12837",0.3431
"325.23854",0.33527
"241.21716",0.33087
"581.45508",0.32889
"419.29357",0.32615
"105.01806",0.30561
"356.256",0.29869
"268.0831",0.29673
"315.18152",0.29593
"269.13148",0.29542
"543.33564",0.2938
"390.30125",0.29314
"117.92747",0.28833
"272.1199",0.28599
"464.28462",0.2757
"465.30484",0.27539
"184.06061",0.26787
"452.27899",0.2664
"313.23888",0.26223
"243.1965",0.26169
"317.15106",0.25797
"503.25336",0.25792
"359.22091",0.25607
"315.16769",0.24792
"287.15979",0.24634
"451.27043",0.2416
"611.46768",0.24125
"317.22527",0.23884
"330.20381",0.23638
"577.36453",0.23296
"437.26742",0.22889
"243.08102",0.22861
"576.47206",0.22564
"301.62761",0.21376
"182.05275",0.21233
"285.24385",0.20386
"623.51384",0.20187
"539.34103",0.19908
"261.06187",0.1804
"504.37006",0.1776
"353.16856",0.17323
"201.07639",0.16465
"239.20133",0.14635
"326.18771",0.14631
"499.32818",0.14373
"251.0727",0.13551
"307.11908",0.13498
"337.19213",0.13168
"309.20509",0.12922
"249.14963",0.12893
"331.23962",0.12826
"334.28376",0.12762
"394.33272",0.12191
"252.08089",0.10645
"266.15148",0.093497
"518.31866",0.089072
"325.18453",0.08011
"407.20324",0.079872
"342.10064",0.072494
"229.11897",0.072421
"493.33568",0.066771
"286.24719",0.065216
"497.31252",0.057595
"315.13561",0.053784
"116.92734711",0.048369
"313.27521",0.045268
"109.02828",0.045159
"269.24886",0.034916
"443.317",0.033565
"361.23651",0.026453
"314.24214",0.021389
"429.25854",0.015256
"621.54636",0.015035
"390.24027",0.014535
"392.31747",0
